# Имена эмодзи — Unicode CLDR (common/annotations/ru.xml, annotationsDerived/ru.xml), tools/emoji_ru.py.
# Copyright © 2001–2026 Unicode, Inc. Distributed under the Unicode License v3 (SPDX: Unicode-3.0):
# Полный текст уведомления — emoji_ru.LICENSE.txt рядом.
# Формат: эмодзи без U+FE0F <TAB> имя.
#⃣	клавиши: #
*⃣	клавиши: *
0⃣	клавиша 0
1⃣	клавиша 1
2⃣	клавиша 2
3⃣	клавиша 3
4⃣	клавиша 4
5⃣	клавиша 5
6⃣	клавиша 6
7⃣	клавиша 7
8⃣	клавиша 8
9⃣	клавиша 9
⌚	наручные часы
⌛	песочные часы
⌨	клавиатура
⏏	выброс
⏩	перемотка вперед
⏪	перемотка назад
⏫	два треугольника острием вверх
⏬	два треугольника острием вниз
⏭	следующий трек
⏮	предыдущий трек
⏯	воспроизведение/пауза
⏰	будильник
⏱	секундомер
⏲	таймер
⏳	время пошло
⏸	пауза
⏹	стоп
⏺	запись
☀	солнце
☁	облако
☂	зонт
☃	снеговик под снегом
☄	комета
☎	телефон
☑	галочка в квадрате
☔	зонт под дождем
☕	горячий напиток
☘	трилистник
☝	указательный палец вверх
☝🏻	указательный палец вверх
☝🏼	указательный палец вверх
☝🏽	указательный палец вверх
☝🏾	указательный палец вверх
☝🏿	указательный палец вверх
☠	череп и кости
☢	радиация
☣	биологическая угроза
☦	православный крест
☪	звезда и полумесяц
☮	пацифик
☯	инь-ян
☸	колесо дхармы
☹	грустит
☺	улыбается
♀	женский символ
♂	мужской символ
♈	знак зодиака Овен
♉	знак зодиака Телец
♊	знак зодиака Близнецы
♋	знак зодиака Рак
♌	знак зодиака Лев
♍	знак зодиака Дева
♎	знак зодиака Весы
♏	знак зодиака Скорпион
♐	знак зодиака Стрелец
♑	знак зодиака Козерог
♒	знак зодиака Водолей
♓	знак зодиака Рыбы
♟	пешка
♠	пики
♣	трефы
♥	червы
♦	бубны
♨	горячие источники
♪	восьмая нота
♭	бемоль
♯	диез
♻	утилизация
♾	бесконечность
♿	значок «для инвалидов»
⚒	кирка и молот
⚓	якорь
⚔	скрещенные мечи
⚕	медицинский символ
⚖	весы
⚗	перегонный сосуд
⚙	шестеренка
⚛	символ атома
⚜	геральдическая лилия
⚠	значок предупреждения
⚡	высокое напряжение
⚧	трансгендер
⚪	белый круг
⚫	черный круг
⚰	гроб
⚱	урна с прахом
⚽	футбол
⚾	бейсбол
⛄	снеговик
⛅	солнце за облаками
⛈	гроза
⛎	знак зодиака Змееносец
⛏	кирка
⛑	каска с белым крестом
⛓	цепь
⛓‍💥	разорванная цепь
⛔	въезд запрещен
⛩	синтоистский храм
⛪	церковь
⛰	гора
⛱	пляжный зонт
⛲	фонтан
⛳	гольф
⛴	паром
⛵	парусник
⛷	горные лыжи
⛸	коньки
⛹	баскетболист
⛹‍♀	женщина с мячом
⛹‍♂	мужчина с мячом
⛹🏻	баскетболист
⛹🏻‍♀	женщина с мячом
⛹🏻‍♂	мужчина с мячом
⛹🏼	баскетболист
⛹🏼‍♀	женщина с мячом
⛹🏼‍♂	мужчина с мячом
⛹🏽	баскетболист
⛹🏽‍♀	женщина с мячом
⛹🏽‍♂	мужчина с мячом
⛹🏾	баскетболист
⛹🏾‍♀	женщина с мячом
⛹🏾‍♂	мужчина с мячом
⛹🏿	баскетболист
⛹🏿‍♀	женщина с мячом
⛹🏿‍♂	мужчина с мячом
⛺	палатка
⛽	заправка
✂	ножницы
✅	белая галочка
✈	самолет
✉	конверт
✊	поднятый кулак
✊🏻	поднятый кулак
✊🏼	поднятый кулак
✊🏽	поднятый кулак
✊🏾	поднятый кулак
✊🏿	поднятый кулак
✋	поднятая ладонь
✋🏻	поднятая ладонь
✋🏼	поднятая ладонь
✋🏽	поднятая ладонь
✋🏾	поднятая ладонь
✋🏿	поднятая ладонь
✌	жест V
✌🏻	жест V
✌🏼	жест V
✌🏽	жест V
✌🏾	жест V
✌🏿	жест V
✍	пишущая рука
✍🏻	пишущая рука
✍🏼	пишущая рука
✍🏽	пишущая рука
✍🏾	пишущая рука
✍🏿	пишущая рука
✏	карандаш
✒	перьевой наконечник
✔	галочка
✖	знак умножения
✝	латинский крест
✡	звезда Давида
✨	блестки
✳	восьмиконечная звездочка
✴	восьмиконечная звезда
❄	снежинка
❇	искра
❌	крестик
❎	кнопка «крестик»
❓	красный вопросительный знак
❔	белый вопросительный знак
❕	белый восклицательный знак
❗	красный восклицательный знак
❣	восклицательный знак в виде сердца
❤	алое сердце
❤‍🔥	горящее сердце
❤‍🩹	заживающее сердце
➕	знак сложения
➖	знак вычитания
➗	знак деления
➡	стрелка вправо
➰	петля
➿	двойная петля
⬅	стрелка влево
⬆	стрелка вверх
⬇	стрелка вниз
⬛	большой черный квадрат
⬜	большой белый квадрат
⭐	желтая звезда
⭕	красное кольцо
〰	волнистая линия
〽	вступает другой голос
㊗	поздравление
㊙	секрет
🀄	маджонг
🃏	джокер
🅰	II группа крови
🅱	III группа крови
🅾	I группа крови
🅿	парковка
🆎	IV группа крови
🆑	кнопка «очистить»
🆒	значок «круто»
🆓	значок «бесплатно»
🆔	значок «идентификация»
🆕	значок «новинка»
🆖	значок «не годится»
🆗	значок «ОК»
🆘	значок SOS
🆙	значок «обновление»
🆚	значок «против»
🇦🇨	флаг: о-в Вознесения
🇦🇩	флаг: Андорра
🇦🇪	флаг: ОАЭ
🇦🇫	флаг: Афганистан
🇦🇬	флаг: Антигуа и Барбуда
🇦🇮	флаг: Ангилья
🇦🇱	флаг: Албания
🇦🇲	флаг: Армения
🇦🇴	флаг: Ангола
🇦🇶	флаг: Антарктида
🇦🇷	флаг: Аргентина
🇦🇸	флаг: Американское Самоа
🇦🇹	флаг: Австрия
🇦🇺	флаг: Австралия
🇦🇼	флаг: Аруба
🇦🇽	флаг: Аландские о-ва
🇦🇿	флаг: Азербайджан
🇧🇦	флаг: Босния и Герцеговина
🇧🇧	флаг: Барбадос
🇧🇩	флаг: Бангладеш
🇧🇪	флаг: Бельгия
🇧🇫	флаг: Буркина-Фасо
🇧🇬	флаг: Болгария
🇧🇭	флаг: Бахрейн
🇧🇮	флаг: Бурунди
🇧🇯	флаг: Бенин
🇧🇱	флаг: Сен-Бартелеми
🇧🇲	флаг: Бермудские о-ва
🇧🇳	флаг: Бруней
🇧🇴	флаг: Боливия
🇧🇶	флаг: Бонэйр, Синт-Эстатиус и Саба
🇧🇷	флаг: Бразилия
🇧🇸	флаг: Багамы
🇧🇹	флаг: Бутан
🇧🇻	флаг: о-в Буве
🇧🇼	флаг: Ботсвана
🇧🇾	флаг: Беларусь
🇧🇿	флаг: Белиз
🇨🇦	флаг: Канада
🇨🇨	флаг: Кокосовые о-ва
🇨🇩	флаг: Конго - Киншаса
🇨🇫	флаг: Центрально-Африканская Республика
🇨🇬	флаг: Конго - Браззавиль
🇨🇭	флаг: Швейцария
🇨🇮	флаг: Кот-д’Ивуар
🇨🇰	флаг: о-ва Кука
🇨🇱	флаг: Чили
🇨🇲	флаг: Камерун
🇨🇳	флаг: Китай
🇨🇴	флаг: Колумбия
🇨🇵	флаг: о-в Клиппертон
🇨🇶	флаг: Сарк
🇨🇷	флаг: Коста-Рика
🇨🇺	флаг: Куба
🇨🇻	флаг: Кабо-Верде
🇨🇼	флаг: Кюрасао
🇨🇽	флаг: о-в Рождества
🇨🇾	флаг: Кипр
🇨🇿	флаг: Чехия
🇩🇪	флаг: Германия
🇩🇬	флаг: Диего-Гарсия
🇩🇯	флаг: Джибути
🇩🇰	флаг: Дания
🇩🇲	флаг: Доминика
🇩🇴	флаг: Доминиканская Республика
🇩🇿	флаг: Алжир
🇪🇦	флаг: Сеута и Мелилья
🇪🇨	флаг: Эквадор
🇪🇪	флаг: Эстония
🇪🇬	флаг: Египет
🇪🇭	флаг: Западная Сахара
🇪🇷	флаг: Эритрея
🇪🇸	флаг: Испания
🇪🇹	флаг: Эфиопия
🇪🇺	флаг: Европейский союз
🇫🇮	флаг: Финляндия
🇫🇯	флаг: Фиджи
🇫🇰	флаг: Фолклендские о-ва
🇫🇲	флаг: Федеративные Штаты Микронезии
🇫🇴	флаг: Фарерские о-ва
🇫🇷	флаг: Франция
🇬🇦	флаг: Габон
🇬🇧	флаг: Великобритания
🇬🇩	флаг: Гренада
🇬🇪	флаг: Грузия
🇬🇫	флаг: Французская Гвиана
🇬🇬	флаг: Гернси
🇬🇭	флаг: Гана
🇬🇮	флаг: Гибралтар
🇬🇱	флаг: Гренландия
🇬🇲	флаг: Гамбия
🇬🇳	флаг: Гвинея
🇬🇵	флаг: Гваделупа
🇬🇶	флаг: Экваториальная Гвинея
🇬🇷	флаг: Греция
🇬🇸	флаг: Южная Георгия и Южные Сандвичевы о-ва
🇬🇹	флаг: Гватемала
🇬🇺	флаг: Гуам
🇬🇼	флаг: Гвинея-Бисау
🇬🇾	флаг: Гайана
🇭🇰	флаг: Гонконг (САР)
🇭🇲	флаг: о-ва Херд и Макдональд
🇭🇳	флаг: Гондурас
🇭🇷	флаг: Хорватия
🇭🇹	флаг: Гаити
🇭🇺	флаг: Венгрия
🇮🇨	флаг: Канарские о-ва
🇮🇩	флаг: Индонезия
🇮🇪	флаг: Ирландия
🇮🇱	флаг: Израиль
🇮🇲	флаг: о-в Мэн
🇮🇳	флаг: Индия
🇮🇴	флаг: Британская территория в Индийском океане
🇮🇶	флаг: Ирак
🇮🇷	флаг: Иран
🇮🇸	флаг: Исландия
🇮🇹	флаг: Италия
🇯🇪	флаг: Джерси
🇯🇲	флаг: Ямайка
🇯🇴	флаг: Иордания
🇯🇵	флаг: Япония
🇰🇪	флаг: Кения
🇰🇬	флаг: Киргизия
🇰🇭	флаг: Камбоджа
🇰🇮	флаг: Кирибати
🇰🇲	флаг: Коморы
🇰🇳	флаг: Сент-Китс и Невис
🇰🇵	флаг: КНДР
🇰🇷	флаг: Республика Корея
🇰🇼	флаг: Кувейт
🇰🇾	флаг: о-ва Кайман
🇰🇿	флаг: Казахстан
🇱🇦	флаг: Лаос
🇱🇧	флаг: Ливан
🇱🇨	флаг: Сент-Люсия
🇱🇮	флаг: Лихтенштейн
🇱🇰	флаг: Шри-Ланка
🇱🇷	флаг: Либерия
🇱🇸	флаг: Лесото
🇱🇹	флаг: Литва
🇱🇺	флаг: Люксембург
🇱🇻	флаг: Латвия
🇱🇾	флаг: Ливия
🇲🇦	флаг: Марокко
🇲🇨	флаг: Монако
🇲🇩	флаг: Молдова
🇲🇪	флаг: Черногория
🇲🇫	флаг: Сен-Мартен
🇲🇬	флаг: Мадагаскар
🇲🇭	флаг: Маршалловы о-ва
🇲🇰	флаг: Северная Македония
🇲🇱	флаг: Мали
🇲🇲	флаг: Мьянма (Бирма)
🇲🇳	флаг: Монголия
🇲🇴	флаг: Макао (САР)
🇲🇵	флаг: Северные Марианские о-ва
🇲🇶	флаг: Мартиника
🇲🇷	флаг: Мавритания
🇲🇸	флаг: Монтсеррат
🇲🇹	флаг: Мальта
🇲🇺	флаг: Маврикий
🇲🇻	флаг: Мальдивы
🇲🇼	флаг: Малави
🇲🇽	флаг: Мексика
🇲🇾	флаг: Малайзия
🇲🇿	флаг: Мозамбик
🇳🇦	флаг: Намибия
🇳🇨	флаг: Новая Каледония
🇳🇪	флаг: Нигер
🇳🇫	флаг: о-в Норфолк
🇳🇬	флаг: Нигерия
🇳🇮	флаг: Никарагуа
🇳🇱	флаг: Нидерланды
🇳🇴	флаг: Норвегия
🇳🇵	флаг: Непал
🇳🇷	флаг: Науру
🇳🇺	флаг: Ниуэ
🇳🇿	флаг: Новая Зеландия
🇴🇲	флаг: Оман
🇵🇦	флаг: Панама
🇵🇪	флаг: Перу
🇵🇫	флаг: Французская Полинезия
🇵🇬	флаг: Папуа — Новая Гвинея
🇵🇭	флаг: Филиппины
🇵🇰	флаг: Пакистан
🇵🇱	флаг: Польша
🇵🇲	флаг: Сен-Пьер и Микелон
🇵🇳	флаг: о-ва Питкэрн
🇵🇷	флаг: Пуэрто-Рико
🇵🇸	флаг: Палестинские территории
🇵🇹	флаг: Португалия
🇵🇼	флаг: Палау
🇵🇾	флаг: Парагвай
🇶🇦	флаг: Катар
🇷🇪	флаг: Реюньон
🇷🇴	флаг: Румыния
🇷🇸	флаг: Сербия
🇷🇺	флаг: Россия
🇷🇼	флаг: Руанда
🇸🇦	флаг: Саудовская Аравия
🇸🇧	флаг: Соломоновы о-ва
🇸🇨	флаг: Сейшельские о-ва
🇸🇩	флаг: Судан
🇸🇪	флаг: Швеция
🇸🇬	флаг: Сингапур
🇸🇭	флаг: о-в Св. Елены
🇸🇮	флаг: Словения
🇸🇯	флаг: Шпицберген и Ян-Майен
🇸🇰	флаг: Словакия
🇸🇱	флаг: Сьерра-Леоне
🇸🇲	флаг: Сан-Марино
🇸🇳	флаг: Сенегал
🇸🇴	флаг: Сомали
🇸🇷	флаг: Суринам
🇸🇸	флаг: Южный Судан
🇸🇹	флаг: Сан-Томе и Принсипи
🇸🇻	флаг: Сальвадор
🇸🇽	флаг: Синт-Мартен
🇸🇾	флаг: Сирия
🇸🇿	флаг: Эсватини
🇹🇦	флаг: Тристан-да-Кунья
🇹🇨	флаг: Тёркс и Кайкос
🇹🇩	флаг: Чад
🇹🇫	флаг: Французские Южные территории
🇹🇬	флаг: Того
🇹🇭	флаг: Таиланд
🇹🇯	флаг: Таджикистан
🇹🇰	флаг: Токелау
🇹🇱	флаг: Восточный Тимор
🇹🇲	флаг: Туркменистан
🇹🇳	флаг: Тунис
🇹🇴	флаг: Тонга
🇹🇷	флаг: Турция
🇹🇹	флаг: Тринидад и Тобаго
🇹🇻	флаг: Тувалу
🇹🇼	флаг: Тайвань
🇹🇿	флаг: Танзания
🇺🇦	флаг: Украина
🇺🇬	флаг: Уганда
🇺🇲	флаг: Внешние малые о-ва (США)
🇺🇳	флаг: Организация Объединенных Наций
🇺🇸	флаг: Соединенные Штаты
🇺🇾	флаг: Уругвай
🇺🇿	флаг: Узбекистан
🇻🇦	флаг: Ватикан
🇻🇨	флаг: Сент-Винсент и Гренадины
🇻🇪	флаг: Венесуэла
🇻🇬	флаг: Виргинские о-ва (Великобритания)
🇻🇮	флаг: Виргинские о-ва (США)
🇻🇳	флаг: Вьетнам
🇻🇺	флаг: Вануату
🇼🇫	флаг: Уоллис и Футуна
🇼🇸	флаг: Самоа
🇽🇰	флаг: Косово
🇾🇪	флаг: Йемен
🇾🇹	флаг: Майотта
🇿🇦	флаг: Южно-Африканская Республика
🇿🇲	флаг: Замбия
🇿🇼	флаг: Зимбабве
🈁	значок «здесь»
🈂	цена услуги
🈚	бесплатно
🈯	забронировано
🈲	запрет
🈳	есть места
🈴	проходной балл
🈵	нет мест
🈶	платно
🈷	месяц
🈸	заявка
🈹	скидка
🈺	открыто
🉐	удачная сделка
🉑	допустимость
🌀	циклон
🌁	туман
🌂	закрытый зонт
🌃	звездная ночь
🌄	восход солнца над горами
🌅	восход
🌆	закат в городе
🌇	закат
🌈	радуга
🌉	мост ночью
🌊	волна
🌋	вулкан
🌌	Млечный Путь
🌍	Европа и Африка на земном шаре
🌎	Америка на земном шаре
🌏	Азия и Австралия на земном шаре
🌐	меридианы
🌑	новолуние
🌒	молодая луна
🌓	луна в первой четверти
🌔	прибывающая луна
🌕	полнолуние
🌖	убывающая луна
🌗	луна в последней четверти
🌘	старая луна
🌙	полумесяц
🌚	новая луна с лицом
🌛	луна в первой четверти с лицом
🌜	луна в последней четверти с лицом
🌝	полная луна с лицом
🌞	солнце с лицом
🌟	сияющая звезда
🌠	падающая звезда
🌡	термометр
🌤	солнце за облачком
🌥	солнце за облаком
🌦	слепой дождь
🌧	дождь
🌨	снег
🌩	молния
🌪	торнадо
🌫	густой туман
🌬	дует ветер
🌭	хот-дог
🌮	тако
🌯	буррито
🌰	каштан
🌱	росток
🌲	елка
🌳	дерево
🌴	пальма
🌵	кактус
🌶	острый перец
🌷	тюльпан
🌸	цветок вишни
🌹	роза
🌺	гибискус
🌻	подсолнух
🌼	цветок
🌽	кукурузный початок
🌾	колос
🌿	веточка
🍀	четырехлистный клевер
🍁	кленовый лист
🍂	падающие листья
🍃	листья на ветру
🍄	гриб
🍄‍🟫	бурый гриб
🍅	помидор
🍆	баклажан
🍇	виноград
🍈	дыня
🍉	арбуз
🍊	мандарин
🍋	лимон
🍋‍🟩	лайм
🍌	банан
🍍	ананас
🍎	красное яблоко
🍏	зеленое яблоко
🍐	груша
🍑	персик
🍒	вишня
🍓	клубника
🍔	гамбургер
🍕	пицца
🍖	мясо на косточке
🍗	куриная ножка
🍘	рисовый крекер
🍙	онигири
🍚	рис
🍛	рис с карри
🍜	лапша
🍝	спагетти
🍞	хлеб
🍟	картофель фри
🍠	печеный сладкий картофель
🍡	данго
🍢	одэн
🍣	суши
🍤	жареная креветка
🍥	камабоко
🍦	мороженое в стаканчике
🍧	мороженое в креманке
🍨	мороженое
🍩	пончик
🍪	печенье
🍫	шоколад
🍬	конфета
🍭	леденец
🍮	пудинг
🍯	мед
🍰	кусочек торта
🍱	бэнто
🍲	кастрюля с горячей едой
🍳	яичница на сковороде
🍴	вилка и нож
🍵	чашка без ручки
🍶	бутылка саке
🍷	бокал вина
🍸	коктейль
🍹	тропический коктейль
🍺	кружка пива
🍻	чокающиеся кружки
🍼	бутылочка с соской
🍽	тарелка с приборами
🍾	шампанское
🍿	попкорн
🎀	бантик
🎁	подарок
🎂	торт ко дню рождения
🎃	тыква-фонарь
🎄	новогодняя елка
🎅	Санта-Клаус
🎅🏻	Санта-Клаус
🎅🏼	Санта-Клаус
🎅🏽	Санта-Клаус
🎅🏾	Санта-Клаус
🎅🏿	Санта-Клаус
🎆	фейерверк
🎇	бенгальский огонь
🎈	воздушный шарик
🎉	хлопушка
🎊	конфетти
🎋	бамбук с бумажными лентами
🎌	скрещенные флаги
🎍	украшенный бамбук
🎎	японские куклы
🎏	вымпелы в виде карпов
🎐	музыка ветра
🎑	праздник Луны
🎒	ранец
🎓	шапочка выпускника
🎖	военная медаль
🎗	памятная лента
🎙	студийный микрофон
🎚	слайдер
🎛	регуляторы
🎞	кинопленка
🎟	билеты
🎠	лошадь на карусели
🎡	колесо обозрения
🎢	американские горки
🎣	удочка с рыбой
🎤	микрофон
🎥	кинокамера
🎦	видеозапись
🎧	наушники
🎨	палитра с красками
🎩	цилиндр
🎪	цирковой шатер
🎫	билет
🎬	хлопушка-нумератор
🎭	маски
🎮	видеоигры
🎯	мишень
🎰	игровой автомат
🎱	бильярд
🎲	игральная кость
🎳	боулинг
🎴	цветочная карта
🎵	нота
🎶	ноты
🎷	саксофон
🎸	гитара
🎹	клавишные
🎺	труба
🎻	скрипка
🎼	нотный стан
🎽	футболка для бега
🎾	теннис
🎿	лыжи
🏀	баскетбол
🏁	клетчатый флаг
🏂	сноубордист
🏂🏻	сноубордист
🏂🏼	сноубордист
🏂🏽	сноубордист
🏂🏾	сноубордист
🏂🏿	сноубордист
🏃	человек бежит
🏃‍♀	женщина бежит
🏃‍♀‍➡	женщина бежит: , направленные вправо
🏃‍♂	мужчина бежит
🏃‍♂‍➡	мужчина бежит: , направленные вправо
🏃‍➡	человек бежит: , направленные вправо
🏃🏻	человек бежит
🏃🏻‍♀	женщина бежит
🏃🏻‍♀‍➡	женщина бежит , направленные вправо
🏃🏻‍♂	мужчина бежит
🏃🏻‍♂‍➡	мужчина бежит , направленные вправо
🏃🏻‍➡	человек бежит , направленные вправо
🏃🏼	человек бежит
🏃🏼‍♀	женщина бежит
🏃🏼‍♀‍➡	женщина бежит , направленные вправо
🏃🏼‍♂	мужчина бежит
🏃🏼‍♂‍➡	мужчина бежит , направленные вправо
🏃🏼‍➡	человек бежит , направленные вправо
🏃🏽	человек бежит
🏃🏽‍♀	женщина бежит
🏃🏽‍♀‍➡	женщина бежит , направленные вправо
🏃🏽‍♂	мужчина бежит
🏃🏽‍♂‍➡	мужчина бежит , направленные вправо
🏃🏽‍➡	человек бежит , направленные вправо
🏃🏾	человек бежит
🏃🏾‍♀	женщина бежит
🏃🏾‍♀‍➡	женщина бежит , направленные вправо
🏃🏾‍♂	мужчина бежит
🏃🏾‍♂‍➡	мужчина бежит , направленные вправо
🏃🏾‍➡	человек бежит , направленные вправо
🏃🏿	человек бежит
🏃🏿‍♀	женщина бежит
🏃🏿‍♀‍➡	женщина бежит , направленные вправо
🏃🏿‍♂	мужчина бежит
🏃🏿‍♂‍➡	мужчина бежит , направленные вправо
🏃🏿‍➡	человек бежит , направленные вправо
🏄	серфинг
🏄‍♀	серфингистка
🏄‍♂	серфингист
🏄🏻	серфинг
🏄🏻‍♀	серфингистка
🏄🏻‍♂	серфингист
🏄🏼	серфинг
🏄🏼‍♀	серфингистка
🏄🏼‍♂	серфингист
🏄🏽	серфинг
🏄🏽‍♀	серфингистка
🏄🏽‍♂	серфингист
🏄🏾	серфинг
🏄🏾‍♀	серфингистка
🏄🏾‍♂	серфингист
🏄🏿	серфинг
🏄🏿‍♀	серфингистка
🏄🏿‍♂	серфингист
🏅	спортивная медаль
🏆	кубок
🏇	скачки
🏇🏻	скачки
🏇🏼	скачки
🏇🏽	скачки
🏇🏾	скачки
🏇🏿	скачки
🏈	американский футбол
🏉	регби
🏊	плавание
🏊‍♀	пловчиха
🏊‍♂	пловец
🏊🏻	плавание
🏊🏻‍♀	пловчиха
🏊🏻‍♂	пловец
🏊🏼	плавание
🏊🏼‍♀	пловчиха
🏊🏼‍♂	пловец
🏊🏽	плавание
🏊🏽‍♀	пловчиха
🏊🏽‍♂	пловец
🏊🏾	плавание
🏊🏾‍♀	пловчиха
🏊🏾‍♂	пловец
🏊🏿	плавание
🏊🏿‍♀	пловчиха
🏊🏿‍♂	пловец
🏋	тяжелоатлет
🏋‍♀	женщина со штангой
🏋‍♂	мужчина со штангой
🏋🏻	тяжелоатлет
🏋🏻‍♀	женщина со штангой
🏋🏻‍♂	мужчина со штангой
🏋🏼	тяжелоатлет
🏋🏼‍♀	женщина со штангой
🏋🏼‍♂	мужчина со штангой
🏋🏽	тяжелоатлет
🏋🏽‍♀	женщина со штангой
🏋🏽‍♂	мужчина со штангой
🏋🏾	тяжелоатлет
🏋🏾‍♀	женщина со штангой
🏋🏾‍♂	мужчина со штангой
🏋🏿	тяжелоатлет
🏋🏿‍♀	женщина со штангой
🏋🏿‍♂	мужчина со штангой
🏌	гольфист
🏌‍♀	женщина играет в гольф
🏌‍♂	мужчина играет в гольф
🏌🏻	гольфист
🏌🏻‍♀	женщина играет в гольф
🏌🏻‍♂	мужчина играет в гольф
🏌🏼	гольфист
🏌🏼‍♀	женщина играет в гольф
🏌🏼‍♂	мужчина играет в гольф
🏌🏽	гольфист
🏌🏽‍♀	женщина играет в гольф
🏌🏽‍♂	мужчина играет в гольф
🏌🏾	гольфист
🏌🏾‍♀	женщина играет в гольф
🏌🏾‍♂	мужчина играет в гольф
🏌🏿	гольфист
🏌🏿‍♀	женщина играет в гольф
🏌🏿‍♂	мужчина играет в гольф
🏍	мотоцикл
🏎	гоночный автомобиль
🏏	крикет
🏐	волейбол
🏑	хоккей на траве
🏒	хоккей
🏓	настольный теннис
🏔	гора со снежной шапкой
🏕	кемпинг
🏖	пляж
🏗	стройка
🏘	дома
🏙	вид на город
🏚	заброшенный дом
🏛	античное здание
🏜	пустыня
🏝	остров
🏞	национальный парк
🏟	стадион
🏠	дом
🏡	дом с садом
🏢	офисное здание
🏣	японская почта
🏤	почта
🏥	больница
🏦	банк
🏧	значок банкомата
🏨	гостиница
🏩	гостиница для свиданий
🏪	круглосуточный магазин
🏫	школа
🏬	универмаг
🏭	завод
🏮	красный бумажный фонарик
🏯	японский замок
🏰	замок
🏳	белый флаг
🏳‍⚧	флаг трансгендерного сообщества
🏳‍🌈	радужный флаг
🏴	черный флаг
🏴‍☠	пиратский флаг
🏴󠁧󠁢󠁥󠁮󠁧󠁿	флаг: Англия
🏴󠁧󠁢󠁳󠁣󠁴󠁿	флаг: Шотландия
🏴󠁧󠁢󠁷󠁬󠁳󠁿	флаг: Уэльс
🏵	розетка
🏷	бирка
🏸	бадминтон
🏹	лук со стрелой
🏺	амфора
🐀	крыса
🐁	мышь
🐂	бык
🐃	буйвол
🐄	корова
🐅	тигр
🐆	леопард
🐇	кролик
🐈	кошка
🐈‍⬛	черная кошка
🐉	дракон
🐊	крокодил
🐋	кит
🐌	улитка
🐍	змея
🐎	лошадь
🐏	баран
🐐	коза
🐑	овца
🐒	обезьяна
🐓	петух
🐔	курица
🐕	собака
🐕‍🦺	служебная собака
🐖	свинья
🐗	кабан
🐘	слон
🐙	осьминог
🐚	раковина
🐛	гусеница
🐜	муравей
🐝	пчела
🐞	божья коровка
🐟	рыба
🐠	тропическая рыба
🐡	рыба-еж
🐢	черепаха
🐣	цыпленок в яйце
🐤	цыпленок боком
🐥	цыпленок
🐦	птица
🐦‍⬛	черная птица
🐦‍🔥	феникс
🐧	пингвин
🐨	морда коалы
🐩	пудель
🐪	одногорбый верблюд
🐫	двугорбый верблюд
🐬	дельфин
🐭	морда мыши
🐮	морда коровы
🐯	морда тигра
🐰	морда кролика
🐱	морда кошки
🐲	голова дракона
🐳	кит с фонтанчиком
🐴	морда лошади
🐵	морда обезьяны
🐶	морда собаки
🐷	морда свиньи
🐸	голова лягушки
🐹	морда хомяка
🐺	морда волка
🐻	морда медведя
🐻‍❄	морда белого медведя
🐼	морда панды
🐽	свиной пятачок
🐾	следы животного
🐿	бурундук
👀	глаза
👁	глаз
👁‍🗨	значок свидетеля
👂	ухо
👂🏻	ухо
👂🏼	ухо
👂🏽	ухо
👂🏾	ухо
👂🏿	ухо
👃	нос
👃🏻	нос
👃🏼	нос
👃🏽	нос
👃🏾	нос
👃🏿	нос
👄	рот
👅	язык
👆	указывающий вверх палец
👆🏻	указывающий вверх палец
👆🏼	указывающий вверх палец
👆🏽	указывающий вверх палец
👆🏾	указывающий вверх палец
👆🏿	указывающий вверх палец
👇	указывающий вниз палец
👇🏻	указывающий вниз палец
👇🏼	указывающий вниз палец
👇🏽	указывающий вниз палец
👇🏾	указывающий вниз палец
👇🏿	указывающий вниз палец
👈	указывающий налево палец
👈🏻	указывающий налево палец
👈🏼	указывающий налево палец
👈🏽	указывающий налево палец
👈🏾	указывающий налево палец
👈🏿	указывающий налево палец
👉	указывающий направо палец
👉🏻	указывающий направо палец
👉🏼	указывающий направо палец
👉🏽	указывающий направо палец
👉🏾	указывающий направо палец
👉🏿	указывающий направо палец
👊	кулак
👊🏻	кулак
👊🏼	кулак
👊🏽	кулак
👊🏾	кулак
👊🏿	кулак
👋	машет рукой
👋🏻	машет рукой
👋🏼	машет рукой
👋🏽	машет рукой
👋🏾	машет рукой
👋🏿	машет рукой
👌	жест «все хорошо»
👌🏻	жест «все хорошо»
👌🏼	жест «все хорошо»
👌🏽	жест «все хорошо»
👌🏾	жест «все хорошо»
👌🏿	жест «все хорошо»
👍	большой палец вверх
👍🏻	большой палец вверх
👍🏼	большой палец вверх
👍🏽	большой палец вверх
👍🏾	большой палец вверх
👍🏿	большой палец вверх
👎	большой палец вниз
👎🏻	большой палец вниз
👎🏼	большой палец вниз
👎🏽	большой палец вниз
👎🏾	большой палец вниз
👎🏿	большой палец вниз
👏	аплодисменты
👏🏻	аплодисменты
👏🏼	аплодисменты
👏🏽	аплодисменты
👏🏾	аплодисменты
👏🏿	аплодисменты
👐	ладони в стороны
👐🏻	ладони в стороны
👐🏼	ладони в стороны
👐🏽	ладони в стороны
👐🏾	ладони в стороны
👐🏿	ладони в стороны
👑	корона
👒	шляпка
👓	очки
👔	галстук
👕	футболка
👖	джинсы
👗	платье
👘	кимоно
👙	бикини
👚	блузка
👛	кошелек
👜	сумка
👝	клатч
👞	ботинок
👟	кроссовки
👠	туфли на каблуке
👡	босоножки
👢	сапог
👣	следы
👤	силуэт человека
👥	два силуэта
👦	мальчик
👦🏻	мальчик
👦🏼	мальчик
👦🏽	мальчик
👦🏾	мальчик
👦🏿	мальчик
👧	девочка
👧🏻	девочка
👧🏼	девочка
👧🏽	девочка
👧🏾	девочка
👧🏿	девочка
👨	мужчина
👨‍⚕	врач
👨‍⚖	мужчина-судья
👨‍✈	мужчина-пилот
👨‍❤‍👨	влюбленная пара: мужчина мужчина
👨‍❤‍💋‍👨	поцелуй: мужчина мужчина
👨‍🌾	мужчина-фермер
👨‍🍳	мужчина-повар
👨‍🍼	кормящий мужчина
👨‍🎓	студент
👨‍🎤	мужчина-певец
👨‍🎨	мужчина-художник
👨‍🏫	учитель
👨‍🏭	мужчина-рабочий
👨‍👦	семья: мужчина мальчик
👨‍👦‍👦	семья: мужчина мальчик мальчик
👨‍👧	семья: мужчина девочка
👨‍👧‍👦	семья: мужчина девочка мальчик
👨‍👧‍👧	семья: мужчина девочка девочка
👨‍👨‍👦	семья: мужчина мужчина мальчик
👨‍👨‍👦‍👦	семья: мужчина мужчина мальчик мальчик
👨‍👨‍👧	семья: мужчина мужчина девочка
👨‍👨‍👧‍👦	семья: мужчина мужчина девочка мальчик
👨‍👨‍👧‍👧	семья: мужчина мужчина девочка девочка
👨‍👩‍👦	семья: мужчина женщина мальчик
👨‍👩‍👦‍👦	семья: мужчина женщина мальчик мальчик
👨‍👩‍👧	семья: мужчина женщина девочка
👨‍👩‍👧‍👦	семья: мужчина женщина девочка мальчик
👨‍👩‍👧‍👧	семья: мужчина женщина девочка девочка
👨‍💻	мужчина-инженер
👨‍💼	офисный работник - мужчина
👨‍🔧	мужчина-механик
👨‍🔬	мужчина-ученый
👨‍🚀	мужчина-космонавт
👨‍🚒	мужчина-пожарный
👨‍🦯	мужчина с тростью для ходьбы
👨‍🦯‍➡	мужчина с тростью для ходьбы: , направленные вправо
👨‍🦰	мужчина: рыжие волосы
👨‍🦱	мужчина: кудрявые волосы
👨‍🦲	мужчина: без волос
👨‍🦳	мужчина: седые волосы
👨‍🦼	мужчина в электрическом кресле-коляске
👨‍🦼‍➡	мужчина в электрическом кресле-коляске: , направленные вправо
👨‍🦽	мужчина в ручном кресле-коляске
👨‍🦽‍➡	мужчина в ручном кресле-коляске: , направленные вправо
👨🏻	мужчина
👨🏻‍⚕	врач
👨🏻‍⚖	мужчина-судья
👨🏻‍✈	мужчина-пилот
👨🏻‍❤‍👨🏻	влюбленная пара: мужчина мужчина
👨🏻‍❤‍👨🏼	влюбленная пара: мужчина мужчина
👨🏻‍❤‍👨🏽	влюбленная пара: мужчина мужчина
👨🏻‍❤‍👨🏾	влюбленная пара: мужчина мужчина
👨🏻‍❤‍👨🏿	влюбленная пара: мужчина мужчина
👨🏻‍❤‍💋‍👨🏻	поцелуй: мужчина мужчина
👨🏻‍❤‍💋‍👨🏼	поцелуй: мужчина мужчина
👨🏻‍❤‍💋‍👨🏽	поцелуй: мужчина мужчина
👨🏻‍❤‍💋‍👨🏾	поцелуй: мужчина мужчина
👨🏻‍❤‍💋‍👨🏿	поцелуй: мужчина мужчина
👨🏻‍🌾	мужчина-фермер
👨🏻‍🍳	мужчина-повар
👨🏻‍🍼	кормящий мужчина
👨🏻‍🎓	студент
👨🏻‍🎤	мужчина-певец
👨🏻‍🎨	мужчина-художник
👨🏻‍🏫	учитель
👨🏻‍🏭	мужчина-рабочий
👨🏻‍🐰‍👨🏼	мужчины с ушами кролика
👨🏻‍🐰‍👨🏽	мужчины с ушами кролика
👨🏻‍🐰‍👨🏾	мужчины с ушами кролика
👨🏻‍🐰‍👨🏿	мужчины с ушами кролика
👨🏻‍💻	мужчина-инженер
👨🏻‍💼	офисный работник - мужчина
👨🏻‍🔧	мужчина-механик
👨🏻‍🔬	мужчина-ученый
👨🏻‍🚀	мужчина-космонавт
👨🏻‍🚒	мужчина-пожарный
👨🏻‍🤝‍👨🏼	двое мужчин
👨🏻‍🤝‍👨🏽	двое мужчин
👨🏻‍🤝‍👨🏾	двое мужчин
👨🏻‍🤝‍👨🏿	двое мужчин
👨🏻‍🦯	мужчина с тростью для ходьбы
👨🏻‍🦯‍➡	мужчина с тростью для ходьбы , направленные вправо
👨🏻‍🦰	мужчина рыжие волосы
👨🏻‍🦱	мужчина кудрявые волосы
👨🏻‍🦲	мужчина без волос
👨🏻‍🦳	мужчина седые волосы
👨🏻‍🦼	мужчина в электрическом кресле-коляске
👨🏻‍🦼‍➡	мужчина в электрическом кресле-коляске , направленные вправо
👨🏻‍🦽	мужчина в ручном кресле-коляске
👨🏻‍🦽‍➡	мужчина в ручном кресле-коляске , направленные вправо
👨🏻‍🫯‍👨🏼	мужчины-борцы
👨🏻‍🫯‍👨🏽	мужчины-борцы
👨🏻‍🫯‍👨🏾	мужчины-борцы
👨🏻‍🫯‍👨🏿	мужчины-борцы
👨🏼	мужчина
👨🏼‍⚕	врач
👨🏼‍⚖	мужчина-судья
👨🏼‍✈	мужчина-пилот
👨🏼‍❤‍👨🏻	влюбленная пара: мужчина мужчина
👨🏼‍❤‍👨🏼	влюбленная пара: мужчина мужчина
👨🏼‍❤‍👨🏽	влюбленная пара: мужчина мужчина
👨🏼‍❤‍👨🏾	влюбленная пара: мужчина мужчина
👨🏼‍❤‍👨🏿	влюбленная пара: мужчина мужчина
👨🏼‍❤‍💋‍👨🏻	поцелуй: мужчина мужчина
👨🏼‍❤‍💋‍👨🏼	поцелуй: мужчина мужчина
👨🏼‍❤‍💋‍👨🏽	поцелуй: мужчина мужчина
👨🏼‍❤‍💋‍👨🏾	поцелуй: мужчина мужчина
👨🏼‍❤‍💋‍👨🏿	поцелуй: мужчина мужчина
👨🏼‍🌾	мужчина-фермер
👨🏼‍🍳	мужчина-повар
👨🏼‍🍼	кормящий мужчина
👨🏼‍🎓	студент
👨🏼‍🎤	мужчина-певец
👨🏼‍🎨	мужчина-художник
👨🏼‍🏫	учитель
👨🏼‍🏭	мужчина-рабочий
👨🏼‍🐰‍👨🏻	мужчины с ушами кролика
👨🏼‍🐰‍👨🏽	мужчины с ушами кролика
👨🏼‍🐰‍👨🏾	мужчины с ушами кролика
👨🏼‍🐰‍👨🏿	мужчины с ушами кролика
👨🏼‍💻	мужчина-инженер
👨🏼‍💼	офисный работник - мужчина
👨🏼‍🔧	мужчина-механик
👨🏼‍🔬	мужчина-ученый
👨🏼‍🚀	мужчина-космонавт
👨🏼‍🚒	мужчина-пожарный
👨🏼‍🤝‍👨🏻	двое мужчин
👨🏼‍🤝‍👨🏽	двое мужчин
👨🏼‍🤝‍👨🏾	двое мужчин
👨🏼‍🤝‍👨🏿	двое мужчин
👨🏼‍🦯	мужчина с тростью для ходьбы
👨🏼‍🦯‍➡	мужчина с тростью для ходьбы , направленные вправо
👨🏼‍🦰	мужчина рыжие волосы
👨🏼‍🦱	мужчина кудрявые волосы
👨🏼‍🦲	мужчина без волос
👨🏼‍🦳	мужчина седые волосы
👨🏼‍🦼	мужчина в электрическом кресле-коляске
👨🏼‍🦼‍➡	мужчина в электрическом кресле-коляске , направленные вправо
👨🏼‍🦽	мужчина в ручном кресле-коляске
👨🏼‍🦽‍➡	мужчина в ручном кресле-коляске , направленные вправо
👨🏼‍🫯‍👨🏻	мужчины-борцы
👨🏼‍🫯‍👨🏽	мужчины-борцы
👨🏼‍🫯‍👨🏾	мужчины-борцы
👨🏼‍🫯‍👨🏿	мужчины-борцы
👨🏽	мужчина
👨🏽‍⚕	врач
👨🏽‍⚖	мужчина-судья
👨🏽‍✈	мужчина-пилот
👨🏽‍❤‍👨🏻	влюбленная пара: мужчина мужчина
👨🏽‍❤‍👨🏼	влюбленная пара: мужчина мужчина
👨🏽‍❤‍👨🏽	влюбленная пара: мужчина мужчина
👨🏽‍❤‍👨🏾	влюбленная пара: мужчина мужчина
👨🏽‍❤‍👨🏿	влюбленная пара: мужчина мужчина
👨🏽‍❤‍💋‍👨🏻	поцелуй: мужчина мужчина
👨🏽‍❤‍💋‍👨🏼	поцелуй: мужчина мужчина
👨🏽‍❤‍💋‍👨🏽	поцелуй: мужчина мужчина
👨🏽‍❤‍💋‍👨🏾	поцелуй: мужчина мужчина
👨🏽‍❤‍💋‍👨🏿	поцелуй: мужчина мужчина
👨🏽‍🌾	мужчина-фермер
👨🏽‍🍳	мужчина-повар
👨🏽‍🍼	кормящий мужчина
👨🏽‍🎓	студент
👨🏽‍🎤	мужчина-певец
👨🏽‍🎨	мужчина-художник
👨🏽‍🏫	учитель
👨🏽‍🏭	мужчина-рабочий
👨🏽‍🐰‍👨🏻	мужчины с ушами кролика
👨🏽‍🐰‍👨🏼	мужчины с ушами кролика
👨🏽‍🐰‍👨🏾	мужчины с ушами кролика
👨🏽‍🐰‍👨🏿	мужчины с ушами кролика
👨🏽‍💻	мужчина-инженер
👨🏽‍💼	офисный работник - мужчина
👨🏽‍🔧	мужчина-механик
👨🏽‍🔬	мужчина-ученый
👨🏽‍🚀	мужчина-космонавт
👨🏽‍🚒	мужчина-пожарный
👨🏽‍🤝‍👨🏻	двое мужчин
👨🏽‍🤝‍👨🏼	двое мужчин
👨🏽‍🤝‍👨🏾	двое мужчин
👨🏽‍🤝‍👨🏿	двое мужчин
👨🏽‍🦯	мужчина с тростью для ходьбы
👨🏽‍🦯‍➡	мужчина с тростью для ходьбы , направленные вправо
👨🏽‍🦰	мужчина рыжие волосы
👨🏽‍🦱	мужчина кудрявые волосы
👨🏽‍🦲	мужчина без волос
👨🏽‍🦳	мужчина седые волосы
👨🏽‍🦼	мужчина в электрическом кресле-коляске
👨🏽‍🦼‍➡	мужчина в электрическом кресле-коляске , направленные вправо
👨🏽‍🦽	мужчина в ручном кресле-коляске
👨🏽‍🦽‍➡	мужчина в ручном кресле-коляске , направленные вправо
👨🏽‍🫯‍👨🏻	мужчины-борцы
👨🏽‍🫯‍👨🏼	мужчины-борцы
👨🏽‍🫯‍👨🏾	мужчины-борцы
👨🏽‍🫯‍👨🏿	мужчины-борцы
👨🏾	мужчина
👨🏾‍⚕	врач
👨🏾‍⚖	мужчина-судья
👨🏾‍✈	мужчина-пилот
👨🏾‍❤‍👨🏻	влюбленная пара: мужчина мужчина
👨🏾‍❤‍👨🏼	влюбленная пара: мужчина мужчина
👨🏾‍❤‍👨🏽	влюбленная пара: мужчина мужчина
👨🏾‍❤‍👨🏾	влюбленная пара: мужчина мужчина
👨🏾‍❤‍👨🏿	влюбленная пара: мужчина мужчина
👨🏾‍❤‍💋‍👨🏻	поцелуй: мужчина мужчина
👨🏾‍❤‍💋‍👨🏼	поцелуй: мужчина мужчина
👨🏾‍❤‍💋‍👨🏽	поцелуй: мужчина мужчина
👨🏾‍❤‍💋‍👨🏾	поцелуй: мужчина мужчина
👨🏾‍❤‍💋‍👨🏿	поцелуй: мужчина мужчина
👨🏾‍🌾	мужчина-фермер
👨🏾‍🍳	мужчина-повар
👨🏾‍🍼	кормящий мужчина
👨🏾‍🎓	студент
👨🏾‍🎤	мужчина-певец
👨🏾‍🎨	мужчина-художник
👨🏾‍🏫	учитель
👨🏾‍🏭	мужчина-рабочий
👨🏾‍🐰‍👨🏻	мужчины с ушами кролика
👨🏾‍🐰‍👨🏼	мужчины с ушами кролика
👨🏾‍🐰‍👨🏽	мужчины с ушами кролика
👨🏾‍🐰‍👨🏿	мужчины с ушами кролика
👨🏾‍💻	мужчина-инженер
👨🏾‍💼	офисный работник - мужчина
👨🏾‍🔧	мужчина-механик
👨🏾‍🔬	мужчина-ученый
👨🏾‍🚀	мужчина-космонавт
👨🏾‍🚒	мужчина-пожарный
👨🏾‍🤝‍👨🏻	двое мужчин
👨🏾‍🤝‍👨🏼	двое мужчин
👨🏾‍🤝‍👨🏽	двое мужчин
👨🏾‍🤝‍👨🏿	двое мужчин
👨🏾‍🦯	мужчина с тростью для ходьбы
👨🏾‍🦯‍➡	мужчина с тростью для ходьбы , направленные вправо
👨🏾‍🦰	мужчина рыжие волосы
👨🏾‍🦱	мужчина кудрявые волосы
👨🏾‍🦲	мужчина без волос
👨🏾‍🦳	мужчина седые волосы
👨🏾‍🦼	мужчина в электрическом кресле-коляске
👨🏾‍🦼‍➡	мужчина в электрическом кресле-коляске , направленные вправо
👨🏾‍🦽	мужчина в ручном кресле-коляске
👨🏾‍🦽‍➡	мужчина в ручном кресле-коляске , направленные вправо
👨🏾‍🫯‍👨🏻	мужчины-борцы
👨🏾‍🫯‍👨🏼	мужчины-борцы
👨🏾‍🫯‍👨🏽	мужчины-борцы
👨🏾‍🫯‍👨🏿	мужчины-борцы
👨🏿	мужчина
👨🏿‍⚕	врач
👨🏿‍⚖	мужчина-судья
👨🏿‍✈	мужчина-пилот
👨🏿‍❤‍👨🏻	влюбленная пара: мужчина мужчина
👨🏿‍❤‍👨🏼	влюбленная пара: мужчина мужчина
👨🏿‍❤‍👨🏽	влюбленная пара: мужчина мужчина
👨🏿‍❤‍👨🏾	влюбленная пара: мужчина мужчина
👨🏿‍❤‍👨🏿	влюбленная пара: мужчина мужчина
👨🏿‍❤‍💋‍👨🏻	поцелуй: мужчина мужчина
👨🏿‍❤‍💋‍👨🏼	поцелуй: мужчина мужчина
👨🏿‍❤‍💋‍👨🏽	поцелуй: мужчина мужчина
👨🏿‍❤‍💋‍👨🏾	поцелуй: мужчина мужчина
👨🏿‍❤‍💋‍👨🏿	поцелуй: мужчина мужчина
👨🏿‍🌾	мужчина-фермер
👨🏿‍🍳	мужчина-повар
👨🏿‍🍼	кормящий мужчина
👨🏿‍🎓	студент
👨🏿‍🎤	мужчина-певец
👨🏿‍🎨	мужчина-художник
👨🏿‍🏫	учитель
👨🏿‍🏭	мужчина-рабочий
👨🏿‍🐰‍👨🏻	мужчины с ушами кролика
👨🏿‍🐰‍👨🏼	мужчины с ушами кролика
👨🏿‍🐰‍👨🏽	мужчины с ушами кролика
👨🏿‍🐰‍👨🏾	мужчины с ушами кролика
👨🏿‍💻	мужчина-инженер
👨🏿‍💼	офисный работник - мужчина
👨🏿‍🔧	мужчина-механик
👨🏿‍🔬	мужчина-ученый
👨🏿‍🚀	мужчина-космонавт
👨🏿‍🚒	мужчина-пожарный
👨🏿‍🤝‍👨🏻	двое мужчин
👨🏿‍🤝‍👨🏼	двое мужчин
👨🏿‍🤝‍👨🏽	двое мужчин
👨🏿‍🤝‍👨🏾	двое мужчин
👨🏿‍🦯	мужчина с тростью для ходьбы
👨🏿‍🦯‍➡	мужчина с тростью для ходьбы , направленные вправо
👨🏿‍🦰	мужчина рыжие волосы
👨🏿‍🦱	мужчина кудрявые волосы
👨🏿‍🦲	мужчина без волос
👨🏿‍🦳	мужчина седые волосы
👨🏿‍🦼	мужчина в электрическом кресле-коляске
👨🏿‍🦼‍➡	мужчина в электрическом кресле-коляске , направленные вправо
👨🏿‍🦽	мужчина в ручном кресле-коляске
👨🏿‍🦽‍➡	мужчина в ручном кресле-коляске , направленные вправо
👨🏿‍🫯‍👨🏻	мужчины-борцы
👨🏿‍🫯‍👨🏼	мужчины-борцы
👨🏿‍🫯‍👨🏽	мужчины-борцы
👨🏿‍🫯‍👨🏾	мужчины-борцы
👩	женщина
👩‍⚕	женщина-врач
👩‍⚖	женщина-судья
👩‍✈	женщина-пилот
👩‍❤‍👨	влюбленная пара: женщина мужчина
👩‍❤‍👩	влюбленная пара: женщина женщина
👩‍❤‍💋‍👨	поцелуй: женщина мужчина
👩‍❤‍💋‍👩	поцелуй: женщина женщина
👩‍🌾	женщина-фермер
👩‍🍳	повариха
👩‍🍼	кормящая женщина
👩‍🎓	студентка
👩‍🎤	певица
👩‍🎨	художница
👩‍🏫	учительница
👩‍🏭	работница
👩‍👦	семья: женщина мальчик
👩‍👦‍👦	семья: женщина мальчик мальчик
👩‍👧	семья: женщина девочка
👩‍👧‍👦	семья: женщина девочка мальчик
👩‍👧‍👧	семья: женщина девочка девочка
👩‍👩‍👦	семья: женщина женщина мальчик
👩‍👩‍👦‍👦	семья: женщина женщина мальчик мальчик
👩‍👩‍👧	семья: женщина женщина девочка
👩‍👩‍👧‍👦	семья: женщина женщина девочка мальчик
👩‍👩‍👧‍👧	семья: женщина женщина девочка девочка
👩‍💻	женщина-инженер
👩‍💼	офисная работница
👩‍🔧	женщина-механик
👩‍🔬	ученая
👩‍🚀	женщина-космонавт
👩‍🚒	женщина-пожарный
👩‍🦯	женщина с тростью для ходьбы
👩‍🦯‍➡	женщина с тростью для ходьбы: , направленные вправо
👩‍🦰	женщина: рыжие волосы
👩‍🦱	женщина: кудрявые волосы
👩‍🦲	женщина: без волос
👩‍🦳	женщина: седые волосы
👩‍🦼	женщина в электрическом кресле-коляске
👩‍🦼‍➡	женщина в электрическом кресле-коляске: , направленные вправо
👩‍🦽	женщина в ручном кресле-коляске
👩‍🦽‍➡	женщина в ручном кресле-коляске: , направленные вправо
👩🏻	женщина
👩🏻‍⚕	женщина-врач
👩🏻‍⚖	женщина-судья
👩🏻‍✈	женщина-пилот
👩🏻‍❤‍👨🏻	влюбленная пара: женщина мужчина
👩🏻‍❤‍👨🏼	влюбленная пара: женщина мужчина
👩🏻‍❤‍👨🏽	влюбленная пара: женщина мужчина
👩🏻‍❤‍👨🏾	влюбленная пара: женщина мужчина
👩🏻‍❤‍👨🏿	влюбленная пара: женщина мужчина
👩🏻‍❤‍👩🏻	влюбленная пара: женщина женщина
👩🏻‍❤‍👩🏼	влюбленная пара: женщина женщина
👩🏻‍❤‍👩🏽	влюбленная пара: женщина женщина
👩🏻‍❤‍👩🏾	влюбленная пара: женщина женщина
👩🏻‍❤‍👩🏿	влюбленная пара: женщина женщина
👩🏻‍❤‍💋‍👨🏻	поцелуй: женщина мужчина
👩🏻‍❤‍💋‍👨🏼	поцелуй: женщина мужчина
👩🏻‍❤‍💋‍👨🏽	поцелуй: женщина мужчина
👩🏻‍❤‍💋‍👨🏾	поцелуй: женщина мужчина
👩🏻‍❤‍💋‍👨🏿	поцелуй: женщина мужчина
👩🏻‍❤‍💋‍👩🏻	поцелуй: женщина женщина
👩🏻‍❤‍💋‍👩🏼	поцелуй: женщина женщина
👩🏻‍❤‍💋‍👩🏽	поцелуй: женщина женщина
👩🏻‍❤‍💋‍👩🏾	поцелуй: женщина женщина
👩🏻‍❤‍💋‍👩🏿	поцелуй: женщина женщина
👩🏻‍🌾	женщина-фермер
👩🏻‍🍳	повариха
👩🏻‍🍼	кормящая женщина
👩🏻‍🎓	студентка
👩🏻‍🎤	певица
👩🏻‍🎨	художница
👩🏻‍🏫	учительница
👩🏻‍🏭	работница
👩🏻‍🐰‍👩🏼	женщины с ушами кролика
👩🏻‍🐰‍👩🏽	женщины с ушами кролика
👩🏻‍🐰‍👩🏾	женщины с ушами кролика
👩🏻‍🐰‍👩🏿	женщины с ушами кролика
👩🏻‍💻	женщина-инженер
👩🏻‍💼	офисная работница
👩🏻‍🔧	женщина-механик
👩🏻‍🔬	ученая
👩🏻‍🚀	женщина-космонавт
👩🏻‍🚒	женщина-пожарный
👩🏻‍🤝‍👨🏼	мужчина и женщина
👩🏻‍🤝‍👨🏽	мужчина и женщина
👩🏻‍🤝‍👨🏾	мужчина и женщина
👩🏻‍🤝‍👨🏿	мужчина и женщина
👩🏻‍🤝‍👩🏼	две женщины
👩🏻‍🤝‍👩🏽	две женщины
👩🏻‍🤝‍👩🏾	две женщины
👩🏻‍🤝‍👩🏿	две женщины
👩🏻‍🦯	женщина с тростью для ходьбы
👩🏻‍🦯‍➡	женщина с тростью для ходьбы , направленные вправо
👩🏻‍🦰	женщина рыжие волосы
👩🏻‍🦱	женщина кудрявые волосы
👩🏻‍🦲	женщина без волос
👩🏻‍🦳	женщина седые волосы
👩🏻‍🦼	женщина в электрическом кресле-коляске
👩🏻‍🦼‍➡	женщина в электрическом кресле-коляске , направленные вправо
👩🏻‍🦽	женщина в ручном кресле-коляске
👩🏻‍🦽‍➡	женщина в ручном кресле-коляске , направленные вправо
👩🏻‍🫯‍👩🏼	женщины-борцы
👩🏻‍🫯‍👩🏽	женщины-борцы
👩🏻‍🫯‍👩🏾	женщины-борцы
👩🏻‍🫯‍👩🏿	женщины-борцы
👩🏼	женщина
👩🏼‍⚕	женщина-врач
👩🏼‍⚖	женщина-судья
👩🏼‍✈	женщина-пилот
👩🏼‍❤‍👨🏻	влюбленная пара: женщина мужчина
👩🏼‍❤‍👨🏼	влюбленная пара: женщина мужчина
👩🏼‍❤‍👨🏽	влюбленная пара: женщина мужчина
👩🏼‍❤‍👨🏾	влюбленная пара: женщина мужчина
👩🏼‍❤‍👨🏿	влюбленная пара: женщина мужчина
👩🏼‍❤‍👩🏻	влюбленная пара: женщина женщина
👩🏼‍❤‍👩🏼	влюбленная пара: женщина женщина
👩🏼‍❤‍👩🏽	влюбленная пара: женщина женщина
👩🏼‍❤‍👩🏾	влюбленная пара: женщина женщина
👩🏼‍❤‍👩🏿	влюбленная пара: женщина женщина
👩🏼‍❤‍💋‍👨🏻	поцелуй: женщина мужчина
👩🏼‍❤‍💋‍👨🏼	поцелуй: женщина мужчина
👩🏼‍❤‍💋‍👨🏽	поцелуй: женщина мужчина
👩🏼‍❤‍💋‍👨🏾	поцелуй: женщина мужчина
👩🏼‍❤‍💋‍👨🏿	поцелуй: женщина мужчина
👩🏼‍❤‍💋‍👩🏻	поцелуй: женщина женщина
👩🏼‍❤‍💋‍👩🏼	поцелуй: женщина женщина
👩🏼‍❤‍💋‍👩🏽	поцелуй: женщина женщина
👩🏼‍❤‍💋‍👩🏾	поцелуй: женщина женщина
👩🏼‍❤‍💋‍👩🏿	поцелуй: женщина женщина
👩🏼‍🌾	женщина-фермер
👩🏼‍🍳	повариха
👩🏼‍🍼	кормящая женщина
👩🏼‍🎓	студентка
👩🏼‍🎤	певица
👩🏼‍🎨	художница
👩🏼‍🏫	учительница
👩🏼‍🏭	работница
👩🏼‍🐰‍👩🏻	женщины с ушами кролика
👩🏼‍🐰‍👩🏽	женщины с ушами кролика
👩🏼‍🐰‍👩🏾	женщины с ушами кролика
👩🏼‍🐰‍👩🏿	женщины с ушами кролика
👩🏼‍💻	женщина-инженер
👩🏼‍💼	офисная работница
👩🏼‍🔧	женщина-механик
👩🏼‍🔬	ученая
👩🏼‍🚀	женщина-космонавт
👩🏼‍🚒	женщина-пожарный
👩🏼‍🤝‍👨🏻	мужчина и женщина
👩🏼‍🤝‍👨🏽	мужчина и женщина
👩🏼‍🤝‍👨🏾	мужчина и женщина
👩🏼‍🤝‍👨🏿	мужчина и женщина
👩🏼‍🤝‍👩🏻	две женщины
👩🏼‍🤝‍👩🏽	две женщины
👩🏼‍🤝‍👩🏾	две женщины
👩🏼‍🤝‍👩🏿	две женщины
👩🏼‍🦯	женщина с тростью для ходьбы
👩🏼‍🦯‍➡	женщина с тростью для ходьбы , направленные вправо
👩🏼‍🦰	женщина рыжие волосы
👩🏼‍🦱	женщина кудрявые волосы
👩🏼‍🦲	женщина без волос
👩🏼‍🦳	женщина седые волосы
👩🏼‍🦼	женщина в электрическом кресле-коляске
👩🏼‍🦼‍➡	женщина в электрическом кресле-коляске , направленные вправо
👩🏼‍🦽	женщина в ручном кресле-коляске
👩🏼‍🦽‍➡	женщина в ручном кресле-коляске , направленные вправо
👩🏼‍🫯‍👩🏻	женщины-борцы
👩🏼‍🫯‍👩🏽	женщины-борцы
👩🏼‍🫯‍👩🏾	женщины-борцы
👩🏼‍🫯‍👩🏿	женщины-борцы
👩🏽	женщина
👩🏽‍⚕	женщина-врач
👩🏽‍⚖	женщина-судья
👩🏽‍✈	женщина-пилот
👩🏽‍❤‍👨🏻	влюбленная пара: женщина мужчина
👩🏽‍❤‍👨🏼	влюбленная пара: женщина мужчина
👩🏽‍❤‍👨🏽	влюбленная пара: женщина мужчина
👩🏽‍❤‍👨🏾	влюбленная пара: женщина мужчина
👩🏽‍❤‍👨🏿	влюбленная пара: женщина мужчина
👩🏽‍❤‍👩🏻	влюбленная пара: женщина женщина
👩🏽‍❤‍👩🏼	влюбленная пара: женщина женщина
👩🏽‍❤‍👩🏽	влюбленная пара: женщина женщина
👩🏽‍❤‍👩🏾	влюбленная пара: женщина женщина
👩🏽‍❤‍👩🏿	влюбленная пара: женщина женщина
👩🏽‍❤‍💋‍👨🏻	поцелуй: женщина мужчина
👩🏽‍❤‍💋‍👨🏼	поцелуй: женщина мужчина
👩🏽‍❤‍💋‍👨🏽	поцелуй: женщина мужчина
👩🏽‍❤‍💋‍👨🏾	поцелуй: женщина мужчина
👩🏽‍❤‍💋‍👨🏿	поцелуй: женщина мужчина
👩🏽‍❤‍💋‍👩🏻	поцелуй: женщина женщина
👩🏽‍❤‍💋‍👩🏼	поцелуй: женщина женщина
👩🏽‍❤‍💋‍👩🏽	поцелуй: женщина женщина
👩🏽‍❤‍💋‍👩🏾	поцелуй: женщина женщина
👩🏽‍❤‍💋‍👩🏿	поцелуй: женщина женщина
👩🏽‍🌾	женщина-фермер
👩🏽‍🍳	повариха
👩🏽‍🍼	кормящая женщина
👩🏽‍🎓	студентка
👩🏽‍🎤	певица
👩🏽‍🎨	художница
👩🏽‍🏫	учительница
👩🏽‍🏭	работница
👩🏽‍🐰‍👩🏻	женщины с ушами кролика
👩🏽‍🐰‍👩🏼	женщины с ушами кролика
👩🏽‍🐰‍👩🏾	женщины с ушами кролика
👩🏽‍🐰‍👩🏿	женщины с ушами кролика
👩🏽‍💻	женщина-инженер
👩🏽‍💼	офисная работница
👩🏽‍🔧	женщина-механик
👩🏽‍🔬	ученая
👩🏽‍🚀	женщина-космонавт
👩🏽‍🚒	женщина-пожарный
👩🏽‍🤝‍👨🏻	мужчина и женщина
👩🏽‍🤝‍👨🏼	мужчина и женщина
👩🏽‍🤝‍👨🏾	мужчина и женщина
👩🏽‍🤝‍👨🏿	мужчина и женщина
👩🏽‍🤝‍👩🏻	две женщины
👩🏽‍🤝‍👩🏼	две женщины
👩🏽‍🤝‍👩🏾	две женщины
👩🏽‍🤝‍👩🏿	две женщины
👩🏽‍🦯	женщина с тростью для ходьбы
👩🏽‍🦯‍➡	женщина с тростью для ходьбы , направленные вправо
👩🏽‍🦰	женщина рыжие волосы
👩🏽‍🦱	женщина кудрявые волосы
👩🏽‍🦲	женщина без волос
👩🏽‍🦳	женщина седые волосы
👩🏽‍🦼	женщина в электрическом кресле-коляске
👩🏽‍🦼‍➡	женщина в электрическом кресле-коляске , направленные вправо
👩🏽‍🦽	женщина в ручном кресле-коляске
👩🏽‍🦽‍➡	женщина в ручном кресле-коляске , направленные вправо
👩🏽‍🫯‍👩🏻	женщины-борцы
👩🏽‍🫯‍👩🏼	женщины-борцы
👩🏽‍🫯‍👩🏾	женщины-борцы
👩🏽‍🫯‍👩🏿	женщины-борцы
👩🏾	женщина
👩🏾‍⚕	женщина-врач
👩🏾‍⚖	женщина-судья
👩🏾‍✈	женщина-пилот
👩🏾‍❤‍👨🏻	влюбленная пара: женщина мужчина
👩🏾‍❤‍👨🏼	влюбленная пара: женщина мужчина
👩🏾‍❤‍👨🏽	влюбленная пара: женщина мужчина
👩🏾‍❤‍👨🏾	влюбленная пара: женщина мужчина
👩🏾‍❤‍👨🏿	влюбленная пара: женщина мужчина
👩🏾‍❤‍👩🏻	влюбленная пара: женщина женщина
👩🏾‍❤‍👩🏼	влюбленная пара: женщина женщина
👩🏾‍❤‍👩🏽	влюбленная пара: женщина женщина
👩🏾‍❤‍👩🏾	влюбленная пара: женщина женщина
👩🏾‍❤‍👩🏿	влюбленная пара: женщина женщина
👩🏾‍❤‍💋‍👨🏻	поцелуй: женщина мужчина
👩🏾‍❤‍💋‍👨🏼	поцелуй: женщина мужчина
👩🏾‍❤‍💋‍👨🏽	поцелуй: женщина мужчина
👩🏾‍❤‍💋‍👨🏾	поцелуй: женщина мужчина
👩🏾‍❤‍💋‍👨🏿	поцелуй: женщина мужчина
👩🏾‍❤‍💋‍👩🏻	поцелуй: женщина женщина
👩🏾‍❤‍💋‍👩🏼	поцелуй: женщина женщина
👩🏾‍❤‍💋‍👩🏽	поцелуй: женщина женщина
👩🏾‍❤‍💋‍👩🏾	поцелуй: женщина женщина
👩🏾‍❤‍💋‍👩🏿	поцелуй: женщина женщина
👩🏾‍🌾	женщина-фермер
👩🏾‍🍳	повариха
👩🏾‍🍼	кормящая женщина
👩🏾‍🎓	студентка
👩🏾‍🎤	певица
👩🏾‍🎨	художница
👩🏾‍🏫	учительница
👩🏾‍🏭	работница
👩🏾‍🐰‍👩🏻	женщины с ушами кролика
👩🏾‍🐰‍👩🏼	женщины с ушами кролика
👩🏾‍🐰‍👩🏽	женщины с ушами кролика
👩🏾‍🐰‍👩🏿	женщины с ушами кролика
👩🏾‍💻	женщина-инженер
👩🏾‍💼	офисная работница
👩🏾‍🔧	женщина-механик
👩🏾‍🔬	ученая
👩🏾‍🚀	женщина-космонавт
👩🏾‍🚒	женщина-пожарный
👩🏾‍🤝‍👨🏻	мужчина и женщина
👩🏾‍🤝‍👨🏼	мужчина и женщина
👩🏾‍🤝‍👨🏽	мужчина и женщина
👩🏾‍🤝‍👨🏿	мужчина и женщина
👩🏾‍🤝‍👩🏻	две женщины
👩🏾‍🤝‍👩🏼	две женщины
👩🏾‍🤝‍👩🏽	две женщины
👩🏾‍🤝‍👩🏿	две женщины
👩🏾‍🦯	женщина с тростью для ходьбы
👩🏾‍🦯‍➡	женщина с тростью для ходьбы , направленные вправо
👩🏾‍🦰	женщина рыжие волосы
👩🏾‍🦱	женщина кудрявые волосы
👩🏾‍🦲	женщина без волос
👩🏾‍🦳	женщина седые волосы
👩🏾‍🦼	женщина в электрическом кресле-коляске
👩🏾‍🦼‍➡	женщина в электрическом кресле-коляске , направленные вправо
👩🏾‍🦽	женщина в ручном кресле-коляске
👩🏾‍🦽‍➡	женщина в ручном кресле-коляске , направленные вправо
👩🏾‍🫯‍👩🏻	женщины-борцы
👩🏾‍🫯‍👩🏼	женщины-борцы
👩🏾‍🫯‍👩🏽	женщины-борцы
👩🏾‍🫯‍👩🏿	женщины-борцы
👩🏿	женщина
👩🏿‍⚕	женщина-врач
👩🏿‍⚖	женщина-судья
👩🏿‍✈	женщина-пилот
👩🏿‍❤‍👨🏻	влюбленная пара: женщина мужчина
👩🏿‍❤‍👨🏼	влюбленная пара: женщина мужчина
👩🏿‍❤‍👨🏽	влюбленная пара: женщина мужчина
👩🏿‍❤‍👨🏾	влюбленная пара: женщина мужчина
👩🏿‍❤‍👨🏿	влюбленная пара: женщина мужчина
👩🏿‍❤‍👩🏻	влюбленная пара: женщина женщина
👩🏿‍❤‍👩🏼	влюбленная пара: женщина женщина
👩🏿‍❤‍👩🏽	влюбленная пара: женщина женщина
👩🏿‍❤‍👩🏾	влюбленная пара: женщина женщина
👩🏿‍❤‍👩🏿	влюбленная пара: женщина женщина
👩🏿‍❤‍💋‍👨🏻	поцелуй: женщина мужчина
👩🏿‍❤‍💋‍👨🏼	поцелуй: женщина мужчина
👩🏿‍❤‍💋‍👨🏽	поцелуй: женщина мужчина
👩🏿‍❤‍💋‍👨🏾	поцелуй: женщина мужчина
👩🏿‍❤‍💋‍👨🏿	поцелуй: женщина мужчина
👩🏿‍❤‍💋‍👩🏻	поцелуй: женщина женщина
👩🏿‍❤‍💋‍👩🏼	поцелуй: женщина женщина
👩🏿‍❤‍💋‍👩🏽	поцелуй: женщина женщина
👩🏿‍❤‍💋‍👩🏾	поцелуй: женщина женщина
👩🏿‍❤‍💋‍👩🏿	поцелуй: женщина женщина
👩🏿‍🌾	женщина-фермер
👩🏿‍🍳	повариха
👩🏿‍🍼	кормящая женщина
👩🏿‍🎓	студентка
👩🏿‍🎤	певица
👩🏿‍🎨	художница
👩🏿‍🏫	учительница
👩🏿‍🏭	работница
👩🏿‍🐰‍👩🏻	женщины с ушами кролика
👩🏿‍🐰‍👩🏼	женщины с ушами кролика
👩🏿‍🐰‍👩🏽	женщины с ушами кролика
👩🏿‍🐰‍👩🏾	женщины с ушами кролика
👩🏿‍💻	женщина-инженер
👩🏿‍💼	офисная работница
👩🏿‍🔧	женщина-механик
👩🏿‍🔬	ученая
👩🏿‍🚀	женщина-космонавт
👩🏿‍🚒	женщина-пожарный
👩🏿‍🤝‍👨🏻	мужчина и женщина
👩🏿‍🤝‍👨🏼	мужчина и женщина
👩🏿‍🤝‍👨🏽	мужчина и женщина
👩🏿‍🤝‍👨🏾	мужчина и женщина
👩🏿‍🤝‍👩🏻	две женщины
👩🏿‍🤝‍👩🏼	две женщины
👩🏿‍🤝‍👩🏽	две женщины
👩🏿‍🤝‍👩🏾	две женщины
👩🏿‍🦯	женщина с тростью для ходьбы
👩🏿‍🦯‍➡	женщина с тростью для ходьбы , направленные вправо
👩🏿‍🦰	женщина рыжие волосы
👩🏿‍🦱	женщина кудрявые волосы
👩🏿‍🦲	женщина без волос
👩🏿‍🦳	женщина седые волосы
👩🏿‍🦼	женщина в электрическом кресле-коляске
👩🏿‍🦼‍➡	женщина в электрическом кресле-коляске , направленные вправо
👩🏿‍🦽	женщина в ручном кресле-коляске
👩🏿‍🦽‍➡	женщина в ручном кресле-коляске , направленные вправо
👩🏿‍🫯‍👩🏻	женщины-борцы
👩🏿‍🫯‍👩🏼	женщины-борцы
👩🏿‍🫯‍👩🏽	женщины-борцы
👩🏿‍🫯‍👩🏾	женщины-борцы
👪	семья
👫	мужчина и женщина
👫🏻	мужчина и женщина
👫🏼	мужчина и женщина
👫🏽	мужчина и женщина
👫🏾	мужчина и женщина
👫🏿	мужчина и женщина
👬	двое мужчин
👬🏻	двое мужчин
👬🏼	двое мужчин
👬🏽	двое мужчин
👬🏾	двое мужчин
👬🏿	двое мужчин
👭	две женщины
👭🏻	две женщины
👭🏼	две женщины
👭🏽	две женщины
👭🏾	две женщины
👭🏿	две женщины
👮	полицейский
👮‍♀	женщина-полицейский
👮‍♂	мужчина-полицейский
👮🏻	полицейский
👮🏻‍♀	женщина-полицейский
👮🏻‍♂	мужчина-полицейский
👮🏼	полицейский
👮🏼‍♀	женщина-полицейский
👮🏼‍♂	мужчина-полицейский
👮🏽	полицейский
👮🏽‍♀	женщина-полицейский
👮🏽‍♂	мужчина-полицейский
👮🏾	полицейский
👮🏾‍♀	женщина-полицейский
👮🏾‍♂	мужчина-полицейский
👮🏿	полицейский
👮🏿‍♀	женщина-полицейский
👮🏿‍♂	мужчина-полицейский
👯	люди с ушами кролика
👯‍♀	женщины с ушами кролика
👯‍♂	мужчины с ушами кролика
👯🏻	люди с ушами кролика
👯🏻‍♀	женщины с ушами кролика
👯🏻‍♂	мужчины с ушами кролика
👯🏼	люди с ушами кролика
👯🏼‍♀	женщины с ушами кролика
👯🏼‍♂	мужчины с ушами кролика
👯🏽	люди с ушами кролика
👯🏽‍♀	женщины с ушами кролика
👯🏽‍♂	мужчины с ушами кролика
👯🏾	люди с ушами кролика
👯🏾‍♀	женщины с ушами кролика
👯🏾‍♂	мужчины с ушами кролика
👯🏿	люди с ушами кролика
👯🏿‍♀	женщины с ушами кролика
👯🏿‍♂	мужчины с ушами кролика
👰	невеста
👰‍♀	женщина в фате
👰‍♂	мужчина в фате
👰🏻	невеста
👰🏻‍♀	женщина в фате
👰🏻‍♂	мужчина в фате
👰🏼	невеста
👰🏼‍♀	женщина в фате
👰🏼‍♂	мужчина в фате
👰🏽	невеста
👰🏽‍♀	женщина в фате
👰🏽‍♂	мужчина в фате
👰🏾	невеста
👰🏾‍♀	женщина в фате
👰🏾‍♂	мужчина в фате
👰🏿	невеста
👰🏿‍♀	женщина в фате
👰🏿‍♂	мужчина в фате
👱	человек со светлыми волосами
👱‍♀	блондинка
👱‍♂	блондин
👱🏻	человек со светлыми волосами
👱🏻‍♀	блондинка
👱🏻‍♂	блондин
👱🏼	человек со светлыми волосами
👱🏼‍♀	блондинка
👱🏼‍♂	блондин
👱🏽	человек со светлыми волосами
👱🏽‍♀	блондинка
👱🏽‍♂	блондин
👱🏾	человек со светлыми волосами
👱🏾‍♀	блондинка
👱🏾‍♂	блондин
👱🏿	человек со светлыми волосами
👱🏿‍♀	блондинка
👱🏿‍♂	блондин
👲	мужчина в китайской шапке
👲🏻	мужчина в китайской шапке
👲🏼	мужчина в китайской шапке
👲🏽	мужчина в китайской шапке
👲🏾	мужчина в китайской шапке
👲🏿	мужчина в китайской шапке
👳	человек в тюрбане
👳‍♀	женщина в тюрбане
👳‍♂	мужчина в тюрбане
👳🏻	человек в тюрбане
👳🏻‍♀	женщина в тюрбане
👳🏻‍♂	мужчина в тюрбане
👳🏼	человек в тюрбане
👳🏼‍♀	женщина в тюрбане
👳🏼‍♂	мужчина в тюрбане
👳🏽	человек в тюрбане
👳🏽‍♀	женщина в тюрбане
👳🏽‍♂	мужчина в тюрбане
👳🏾	человек в тюрбане
👳🏾‍♀	женщина в тюрбане
👳🏾‍♂	мужчина в тюрбане
👳🏿	человек в тюрбане
👳🏿‍♀	женщина в тюрбане
👳🏿‍♂	мужчина в тюрбане
👴	пожилой мужчина
👴🏻	пожилой мужчина
👴🏼	пожилой мужчина
👴🏽	пожилой мужчина
👴🏾	пожилой мужчина
👴🏿	пожилой мужчина
👵	пожилая женщина
👵🏻	пожилая женщина
👵🏼	пожилая женщина
👵🏽	пожилая женщина
👵🏾	пожилая женщина
👵🏿	пожилая женщина
👶	младенец
👶🏻	младенец
👶🏼	младенец
👶🏽	младенец
👶🏾	младенец
👶🏿	младенец
👷	строитель
👷‍♀	женщина-строитель
👷‍♂	мужчина-строитель
👷🏻	строитель
👷🏻‍♀	женщина-строитель
👷🏻‍♂	мужчина-строитель
👷🏼	строитель
👷🏼‍♀	женщина-строитель
👷🏼‍♂	мужчина-строитель
👷🏽	строитель
👷🏽‍♀	женщина-строитель
👷🏽‍♂	мужчина-строитель
👷🏾	строитель
👷🏾‍♀	женщина-строитель
👷🏾‍♂	мужчина-строитель
👷🏿	строитель
👷🏿‍♀	женщина-строитель
👷🏿‍♂	мужчина-строитель
👸	принцесса
👸🏻	принцесса
👸🏼	принцесса
👸🏽	принцесса
👸🏾	принцесса
👸🏿	принцесса
👹	чудовище
👺	японский гоблин
👻	привидение
👼	ангелочек
👼🏻	ангелочек
👼🏼	ангелочек
👼🏽	ангелочек
👼🏾	ангелочек
👼🏿	ангелочек
👽	инопланетянин
👾	космический монстр
👿	злой чертенок
💀	череп
💁	человек тянет руку
💁‍♀	женщина тянет руку
💁‍♂	мужчина тянет руку
💁🏻	человек тянет руку
💁🏻‍♀	женщина тянет руку
💁🏻‍♂	мужчина тянет руку
💁🏼	человек тянет руку
💁🏼‍♀	женщина тянет руку
💁🏼‍♂	мужчина тянет руку
💁🏽	человек тянет руку
💁🏽‍♀	женщина тянет руку
💁🏽‍♂	мужчина тянет руку
💁🏾	человек тянет руку
💁🏾‍♀	женщина тянет руку
💁🏾‍♂	мужчина тянет руку
💁🏿	человек тянет руку
💁🏿‍♀	женщина тянет руку
💁🏿‍♂	мужчина тянет руку
💂	гвардеец
💂‍♀	женщина-гвардеец
💂‍♂	мужчина-гвардеец
💂🏻	гвардеец
💂🏻‍♀	женщина-гвардеец
💂🏻‍♂	мужчина-гвардеец
💂🏼	гвардеец
💂🏼‍♀	женщина-гвардеец
💂🏼‍♂	мужчина-гвардеец
💂🏽	гвардеец
💂🏽‍♀	женщина-гвардеец
💂🏽‍♂	мужчина-гвардеец
💂🏾	гвардеец
💂🏾‍♀	женщина-гвардеец
💂🏾‍♂	мужчина-гвардеец
💂🏿	гвардеец
💂🏿‍♀	женщина-гвардеец
💂🏿‍♂	мужчина-гвардеец
💃	танцующая женщина
💃🏻	танцующая женщина
💃🏼	танцующая женщина
💃🏽	танцующая женщина
💃🏾	танцующая женщина
💃🏿	танцующая женщина
💄	помада
💅	маникюр
💅🏻	маникюр
💅🏼	маникюр
💅🏽	маникюр
💅🏾	маникюр
💅🏿	маникюр
💆	человеку массируют лицо
💆‍♀	женщине массируют лицо
💆‍♂	мужчине массируют лицо
💆🏻	человеку массируют лицо
💆🏻‍♀	женщине массируют лицо
💆🏻‍♂	мужчине массируют лицо
💆🏼	человеку массируют лицо
💆🏼‍♀	женщине массируют лицо
💆🏼‍♂	мужчине массируют лицо
💆🏽	человеку массируют лицо
💆🏽‍♀	женщине массируют лицо
💆🏽‍♂	мужчине массируют лицо
💆🏾	человеку массируют лицо
💆🏾‍♀	женщине массируют лицо
💆🏾‍♂	мужчине массируют лицо
💆🏿	человеку массируют лицо
💆🏿‍♀	женщине массируют лицо
💆🏿‍♂	мужчине массируют лицо
💇	человек у парикмахера
💇‍♀	женщина у парикмахера
💇‍♂	мужчина у парикмахера
💇🏻	человек у парикмахера
💇🏻‍♀	женщина у парикмахера
💇🏻‍♂	мужчина у парикмахера
💇🏼	человек у парикмахера
💇🏼‍♀	женщина у парикмахера
💇🏼‍♂	мужчина у парикмахера
💇🏽	человек у парикмахера
💇🏽‍♀	женщина у парикмахера
💇🏽‍♂	мужчина у парикмахера
💇🏾	человек у парикмахера
💇🏾‍♀	женщина у парикмахера
💇🏾‍♂	мужчина у парикмахера
💇🏿	человек у парикмахера
💇🏿‍♀	женщина у парикмахера
💇🏿‍♂	мужчина у парикмахера
💈	парикмахерская
💉	шприц
💊	пилюля
💋	след от поцелуя
💌	любовное письмо
💍	кольцо
💎	драгоценный камень
💏	поцелуй
💏🏻	поцелуй
💏🏼	поцелуй
💏🏽	поцелуй
💏🏾	поцелуй
💏🏿	поцелуй
💐	букет
💑	влюбленная пара
💑🏻	влюбленная пара
💑🏼	влюбленная пара
💑🏽	влюбленная пара
💑🏾	влюбленная пара
💑🏿	влюбленная пара
💒	свадьба
💓	пульсирующее сердце
💔	разбитое сердце
💕	два сердца
💖	сверкающее сердце
💗	растущее сердце
💘	сердце, пронзенное стрелой
💙	синее сердце
💚	зеленое сердце
💛	желтое сердце
💜	фиолетовое сердце
💝	сердце с лентой
💞	вращающиеся сердца
💟	значок «сердце»
💠	ромб с точкой
💡	лампочка
💢	значок «гнев»
💣	бомба
💤	сон
💥	взрыв
💦	капли пота
💧	капля
💨	исчезновение
💩	какашка
💪	бицепс
💪🏻	бицепс
💪🏼	бицепс
💪🏽	бицепс
💪🏾	бицепс
💪🏿	бицепс
💫	кружащаяся звезда
💬	облачко с многоточием
💭	облачко с мыслями
💮	белый цветок
💯	сто баллов
💰	мешок денег
💱	обмен валюты
💲	жирный знак доллара
💳	кредитная карта
💴	банкнота иены
💵	банкнота доллара
💶	банкнота евро
💷	банкнота фунта
💸	банкнота с крылышками
💹	биржа
💺	кресло
💻	ноутбук
💼	портфель
💽	диск
💾	дискета
💿	CD
📀	DVD
📁	папка
📂	открытая папка
📃	страница с загибом
📄	страница
📅	календарь
📆	отрывной календарь
📇	органайзер
📈	диаграмма роста
📉	диаграмма падения
📊	гистограмма
📋	планшет с зажимом
📌	канцелярская кнопка
📍	канцелярская кнопка с шариком
📎	скрепка
📏	линейка
📐	линейка-треугольник
📑	стикеры-закладки
📒	блокнот
📓	тетрадь
📔	записная книжка
📕	закрытая книга
📖	открытая книга
📗	зеленая книга
📘	синяя книга
📙	оранжевая книга
📚	книги
📛	бейдж
📜	свиток
📝	заметка
📞	телефонная трубка
📟	пейджер
📠	факс
📡	спутниковая антенна
📢	громкоговоритель
📣	мегафон
📤	исходящие
📥	входящие
📦	посылка
📧	электронная почта
📨	входящее письмо
📩	исходящее письмо
📪	закрытый почтовый ящик с опущенным флажком
📫	закрытый почтовый ящик с поднятым флажком
📬	открытый почтовый ящик с поднятым флажком
📭	открытый почтовый ящик с опущенным флажком
📮	почтовый ящик
📯	почтовый рожок
📰	газета
📱	мобильный телефон
📲	входящий вызов
📳	режим вибрации
📴	выключенный телефон
📵	мобильные телефоны запрещены
📶	сигнал сети
📷	фотоаппарат
📸	фотоаппарат со вспышкой
📹	видеокамера
📺	телевизор
📻	радио
📼	видеокассета
📽	кинопроектор
📿	четки
🔀	случайный выбор
🔁	повтор
🔂	повтор одной песни
🔃	по часовой стрелке
🔄	против часовой стрелки
🔅	низкая яркость
🔆	высокая яркость
🔇	без звука
🔈	низкая громкость
🔉	средняя громкость
🔊	высокая громкость
🔋	батарейка
🔌	вилка
🔍	лупа, наклоненная влево
🔎	лупа, наклоненная вправо
🔏	закрытый замок с перьевой ручкой
🔐	закрытый замок с ключом
🔑	ключ
🔒	закрытый замок
🔓	открытый замок
🔔	колокольчик
🔕	перечеркнутый колокольчик
🔖	закладка
🔗	гиперссылка
🔘	круглая кнопка
🔙	стрелка «назад»
🔚	стрелка «конец»
🔛	стрелка «активно»
🔜	стрелка «скоро»
🔝	стрелка «верх»
🔞	для людей старше восемнадцати лет
🔟	клавиши: 10
🔠	ввод прописными
🔡	ввод строчными
🔢	ввод цифр
🔣	ввод символов
🔤	ввод латиницей
🔥	огонь
🔦	фонарик
🔧	гаечный ключ
🔨	молоток
🔩	болт и гайка
🔪	нож
🔫	водяной пистолет
🔬	микроскоп
🔭	телескоп
🔮	хрустальный шар
🔯	шестиконечная звезда
🔰	символ новичка
🔱	трезубец
🔲	кнопка с черной рамкой
🔳	кнопка с белой рамкой
🔴	красный круг
🔵	голубой круг
🔶	большой оранжевый ромб
🔷	большой голубой ромб
🔸	небольшой оранжевый ромб
🔹	небольшой голубой ромб
🔺	треугольник вершиной вверх
🔻	треугольник вершиной вниз
🔼	треугольник острием вверх
🔽	треугольник острием вниз
🕉	ом
🕊	голубь
🕋	Кааба
🕌	мечеть
🕍	синагога
🕎	менора
🕐	час
🕑	два часа
🕒	три часа
🕓	четыре часа
🕔	пять часов
🕕	шесть часов
🕖	семь часов
🕗	восемь часов
🕘	девять часов
🕙	десять часов
🕚	одиннадцать часов
🕛	двенадцать часов
🕜	полвторого
🕝	полтретьего
🕞	полчетвертого
🕟	полпятого
🕠	полшестого
🕡	полседьмого
🕢	полвосьмого
🕣	полдевятого
🕤	полдесятого
🕥	пол-одиннадцатого
🕦	полдвенадцатого
🕧	полпервого
🕯	свеча
🕰	каминные часы
🕳	дыра
🕴	бизнесмен в воздухе
🕴🏻	бизнесмен в воздухе
🕴🏼	бизнесмен в воздухе
🕴🏽	бизнесмен в воздухе
🕴🏾	бизнесмен в воздухе
🕴🏿	бизнесмен в воздухе
🕵	детектив
🕵‍♀	женщина-детектив
🕵‍♂	мужчина-детектив
🕵🏻	детектив
🕵🏻‍♀	женщина-детектив
🕵🏻‍♂	мужчина-детектив
🕵🏼	детектив
🕵🏼‍♀	женщина-детектив
🕵🏼‍♂	мужчина-детектив
🕵🏽	детектив
🕵🏽‍♀	женщина-детектив
🕵🏽‍♂	мужчина-детектив
🕵🏾	детектив
🕵🏾‍♀	женщина-детектив
🕵🏾‍♂	мужчина-детектив
🕵🏿	детектив
🕵🏿‍♀	женщина-детектив
🕵🏿‍♂	мужчина-детектив
🕶	солнечные очки
🕷	паук
🕸	паутина
🕹	джойстик
🕺	танцующий мужчина
🕺🏻	танцующий мужчина
🕺🏼	танцующий мужчина
🕺🏽	танцующий мужчина
🕺🏾	танцующий мужчина
🕺🏿	танцующий мужчина
🖇	скрепки
🖊	шариковая ручка
🖋	перьевая ручка
🖌	кисточка
🖍	восковой мелок
🖐	раскрытая ладонь
🖐🏻	раскрытая ладонь
🖐🏼	раскрытая ладонь
🖐🏽	раскрытая ладонь
🖐🏾	раскрытая ладонь
🖐🏿	раскрытая ладонь
🖕	средний палец
🖕🏻	средний палец
🖕🏼	средний палец
🖕🏽	средний палец
🖕🏾	средний палец
🖕🏿	средний палец
🖖	вулканский салют
🖖🏻	вулканский салют
🖖🏼	вулканский салют
🖖🏽	вулканский салют
🖖🏾	вулканский салют
🖖🏿	вулканский салют
🖤	черное сердце
🖥	компьютер
🖨	принтер
🖱	мышка
🖲	трекбол
🖼	картина
🗂	маркированные папки
🗃	картотека
🗄	архивный шкаф
🗑	корзина для мусора
🗒	перекидной блокнот
🗓	перекидной календарь
🗜	компрессор
🗝	старинный ключ
🗞	свернутая газета
🗡	кинжал
🗣	говорящая голова
🗨	пустое облачко
🗯	гневное облачко
🗳	избирательная урна
🗺	карта мира
🗻	Фудзияма
🗼	Токийская башня
🗽	статуя Свободы
🗾	карта Японии
🗿	истукан
😀	широко улыбается
😁	светится от счастья
😂	смеется до слез
😃	смеется
😄	смеется с закрытыми глазами
😅	нервно смеется
😆	смеется с прищуренными глазами
😇	с нимбом
😈	улыбающийся чертенок
😉	подмигивает
😊	довольно улыбается
😋	вкусно
😌	испытывает облегчение
😍	влюбленное лицо
😎	лицо в темных очках
😏	ухмыляется
😐	все равно
😑	без эмоций
😒	скучает
😓	в холодном поту
😔	размышляет
😕	в замешательстве
😖	в растерянности
😗	целует
😘	воздушный поцелуй
😙	счастливый поцелуй
😚	целует с закрытыми глазами
😛	показывает язык
😜	показывает язык и подмигивает
😝	морщится и показывает язык
😞	разочарование
😟	беспокоится
😠	сердится
😡	злится
😢	плачет
😣	упорство
😤	в ожидании успеха
😥	обошлось
😦	в изумлении
😧	страдает
😨	боится
😩	усталость
😪	хочет спать
😫	сильная усталость
😬	гримаса
😭	слезы рекой
😮	удивление
😮‍💨	выдыхает
😯	неприятный сюрприз
😰	сильно беспокоится
😱	в ужасе
😲	в шоке
😳	краснеет
😴	спит
😵	головокружение
😵‍💫	ошеломление
😶	лицо без рта
😶‍🌫	лицо в облаках
😷	в медицинской маске
😸	смеющийся кот
😹	смеющийся до слез кот
😺	улыбающийся кот
😻	влюбленный кот
😼	ухмыляющийся кот
😽	целующий кот
😾	злой кот
😿	плачущий кот
🙀	кот в шоке
🙁	немного грустит
🙂	слегка улыбается
🙂‍↔	отрицательно качает головой
🙂‍↕	положительно качает головой
🙃	вверх тормашками
🙄	закатывает глаза
🙅	человек против
🙅‍♀	женщина против
🙅‍♂	мужчина против
🙅🏻	человек против
🙅🏻‍♀	женщина против
🙅🏻‍♂	мужчина против
🙅🏼	человек против
🙅🏼‍♀	женщина против
🙅🏼‍♂	мужчина против
🙅🏽	человек против
🙅🏽‍♀	женщина против
🙅🏽‍♂	мужчина против
🙅🏾	человек против
🙅🏾‍♀	женщина против
🙅🏾‍♂	мужчина против
🙅🏿	человек против
🙅🏿‍♀	женщина против
🙅🏿‍♂	мужчина против
🙆	человек за
🙆‍♀	женщина за
🙆‍♂	мужчина за
🙆🏻	человек за
🙆🏻‍♀	женщина за
🙆🏻‍♂	мужчина за
🙆🏼	человек за
🙆🏼‍♀	женщина за
🙆🏼‍♂	мужчина за
🙆🏽	человек за
🙆🏽‍♀	женщина за
🙆🏽‍♂	мужчина за
🙆🏾	человек за
🙆🏾‍♀	женщина за
🙆🏾‍♂	мужчина за
🙆🏿	человек за
🙆🏿‍♀	женщина за
🙆🏿‍♂	мужчина за
🙇	человек кланяется
🙇‍♀	женщина кланяется
🙇‍♂	мужчина кланяется
🙇🏻	человек кланяется
🙇🏻‍♀	женщина кланяется
🙇🏻‍♂	мужчина кланяется
🙇🏼	человек кланяется
🙇🏼‍♀	женщина кланяется
🙇🏼‍♂	мужчина кланяется
🙇🏽	человек кланяется
🙇🏽‍♀	женщина кланяется
🙇🏽‍♂	мужчина кланяется
🙇🏾	человек кланяется
🙇🏾‍♀	женщина кланяется
🙇🏾‍♂	мужчина кланяется
🙇🏿	человек кланяется
🙇🏿‍♀	женщина кланяется
🙇🏿‍♂	мужчина кланяется
🙈	ничего не вижу
🙉	ничего не слышу
🙊	ничего никому не скажу
🙋	человек с поднятой рукой
🙋‍♀	женщина с поднятой рукой
🙋‍♂	мужчина с поднятой рукой
🙋🏻	человек с поднятой рукой
🙋🏻‍♀	женщина с поднятой рукой
🙋🏻‍♂	мужчина с поднятой рукой
🙋🏼	человек с поднятой рукой
🙋🏼‍♀	женщина с поднятой рукой
🙋🏼‍♂	мужчина с поднятой рукой
🙋🏽	человек с поднятой рукой
🙋🏽‍♀	женщина с поднятой рукой
🙋🏽‍♂	мужчина с поднятой рукой
🙋🏾	человек с поднятой рукой
🙋🏾‍♀	женщина с поднятой рукой
🙋🏾‍♂	мужчина с поднятой рукой
🙋🏿	человек с поднятой рукой
🙋🏿‍♀	женщина с поднятой рукой
🙋🏿‍♂	мужчина с поднятой рукой
🙌	ура
🙌🏻	ура
🙌🏼	ура
🙌🏽	ура
🙌🏾	ура
🙌🏿	ура
🙍	нахмурившийся человек
🙍‍♀	нахмурившаяся женщина
🙍‍♂	нахмурившийся мужчина
🙍🏻	нахмурившийся человек
🙍🏻‍♀	нахмурившаяся женщина
🙍🏻‍♂	нахмурившийся мужчина
🙍🏼	нахмурившийся человек
🙍🏼‍♀	нахмурившаяся женщина
🙍🏼‍♂	нахмурившийся мужчина
🙍🏽	нахмурившийся человек
🙍🏽‍♀	нахмурившаяся женщина
🙍🏽‍♂	нахмурившийся мужчина
🙍🏾	нахмурившийся человек
🙍🏾‍♀	нахмурившаяся женщина
🙍🏾‍♂	нахмурившийся мужчина
🙍🏿	нахмурившийся человек
🙍🏿‍♀	нахмурившаяся женщина
🙍🏿‍♂	нахмурившийся мужчина
🙎	обиженный человек
🙎‍♀	обиженная женщина
🙎‍♂	обиженный мужчина
🙎🏻	обиженный человек
🙎🏻‍♀	обиженная женщина
🙎🏻‍♂	обиженный мужчина
🙎🏼	обиженный человек
🙎🏼‍♀	обиженная женщина
🙎🏼‍♂	обиженный мужчина
🙎🏽	обиженный человек
🙎🏽‍♀	обиженная женщина
🙎🏽‍♂	обиженный мужчина
🙎🏾	обиженный человек
🙎🏾‍♀	обиженная женщина
🙎🏾‍♂	обиженный мужчина
🙎🏿	обиженный человек
🙎🏿‍♀	обиженная женщина
🙎🏿‍♂	обиженный мужчина
🙏	сложенные руки
🙏🏻	сложенные руки
🙏🏼	сложенные руки
🙏🏽	сложенные руки
🙏🏾	сложенные руки
🙏🏿	сложенные руки
🚀	ракета
🚁	вертолет
🚂	паровоз
🚃	вагон
🚄	скоростной поезд
🚅	поезд-пуля
🚆	поезд
🚇	метро
🚈	легкий рельсовый транспорт
🚉	железнодорожный вокзал
🚊	трамвай
🚋	трамвайный вагон
🚌	автобус
🚍	автобус спереди
🚎	троллейбус
🚏	автобусная остановка
🚐	микроавтобус
🚑	машина скорой помощи
🚒	пожарная машина
🚓	полицейская машина
🚔	полицейская машина спереди
🚕	такси
🚖	такси спереди
🚗	автомобиль
🚘	автомобиль спереди
🚙	джип
🚚	грузовик
🚛	фура
🚜	трактор
🚝	монорельс
🚞	поезд в горах
🚟	подвесная железная дорога
🚠	вагон фуникулера
🚡	канатная дорога
🚢	корабль
🚣	гребля
🚣‍♀	гребчиха
🚣‍♂	гребец
🚣🏻	гребля
🚣🏻‍♀	гребчиха
🚣🏻‍♂	гребец
🚣🏼	гребля
🚣🏼‍♀	гребчиха
🚣🏼‍♂	гребец
🚣🏽	гребля
🚣🏽‍♀	гребчиха
🚣🏽‍♂	гребец
🚣🏾	гребля
🚣🏾‍♀	гребчиха
🚣🏾‍♂	гребец
🚣🏿	гребля
🚣🏿‍♀	гребчиха
🚣🏿‍♂	гребец
🚤	катер
🚥	горизонтальный светофор
🚦	вертикальный светофор
🚧	строительные работы
🚨	мигалка
🚩	треугольный флаг
🚪	дверь
🚫	запрещено
🚬	сигарета
🚭	курение запрещено
🚮	бросайте мусор в урну
🚯	не мусорьте
🚰	питьевая вода
🚱	непитьевая вода
🚲	велосипед
🚳	перечеркнутый велосипед
🚴	велосипедист
🚴‍♀	женщина на велосипеде
🚴‍♂	мужчина на велосипеде
🚴🏻	велосипедист
🚴🏻‍♀	женщина на велосипеде
🚴🏻‍♂	мужчина на велосипеде
🚴🏼	велосипедист
🚴🏼‍♀	женщина на велосипеде
🚴🏼‍♂	мужчина на велосипеде
🚴🏽	велосипедист
🚴🏽‍♀	женщина на велосипеде
🚴🏽‍♂	мужчина на велосипеде
🚴🏾	велосипедист
🚴🏾‍♀	женщина на велосипеде
🚴🏾‍♂	мужчина на велосипеде
🚴🏿	велосипедист
🚴🏿‍♀	женщина на велосипеде
🚴🏿‍♂	мужчина на велосипеде
🚵	человек на горном велосипеде
🚵‍♀	женщина на горном велосипеде
🚵‍♂	мужчина на горном велосипеде
🚵🏻	человек на горном велосипеде
🚵🏻‍♀	женщина на горном велосипеде
🚵🏻‍♂	мужчина на горном велосипеде
🚵🏼	человек на горном велосипеде
🚵🏼‍♀	женщина на горном велосипеде
🚵🏼‍♂	мужчина на горном велосипеде
🚵🏽	человек на горном велосипеде
🚵🏽‍♀	женщина на горном велосипеде
🚵🏽‍♂	мужчина на горном велосипеде
🚵🏾	человек на горном велосипеде
🚵🏾‍♀	женщина на горном велосипеде
🚵🏾‍♂	мужчина на горном велосипеде
🚵🏿	человек на горном велосипеде
🚵🏿‍♀	женщина на горном велосипеде
🚵🏿‍♂	мужчина на горном велосипеде
🚶	человек идет
🚶‍♀	женщина идет
🚶‍♀‍➡	женщина идет: , направленные вправо
🚶‍♂	мужчина идет
🚶‍♂‍➡	мужчина идет: , направленные вправо
🚶‍➡	человек идет: , направленные вправо
🚶🏻	человек идет
🚶🏻‍♀	женщина идет
🚶🏻‍♀‍➡	женщина идет , направленные вправо
🚶🏻‍♂	мужчина идет
🚶🏻‍♂‍➡	мужчина идет , направленные вправо
🚶🏻‍➡	человек идет , направленные вправо
🚶🏼	человек идет
🚶🏼‍♀	женщина идет
🚶🏼‍♀‍➡	женщина идет , направленные вправо
🚶🏼‍♂	мужчина идет
🚶🏼‍♂‍➡	мужчина идет , направленные вправо
🚶🏼‍➡	человек идет , направленные вправо
🚶🏽	человек идет
🚶🏽‍♀	женщина идет
🚶🏽‍♀‍➡	женщина идет , направленные вправо
🚶🏽‍♂	мужчина идет
🚶🏽‍♂‍➡	мужчина идет , направленные вправо
🚶🏽‍➡	человек идет , направленные вправо
🚶🏾	человек идет
🚶🏾‍♀	женщина идет
🚶🏾‍♀‍➡	женщина идет , направленные вправо
🚶🏾‍♂	мужчина идет
🚶🏾‍♂‍➡	мужчина идет , направленные вправо
🚶🏾‍➡	человек идет , направленные вправо
🚶🏿	человек идет
🚶🏿‍♀	женщина идет
🚶🏿‍♀‍➡	женщина идет , направленные вправо
🚶🏿‍♂	мужчина идет
🚶🏿‍♂‍➡	мужчина идет , направленные вправо
🚶🏿‍➡	человек идет , направленные вправо
🚷	переход запрещен
🚸	знак «дети»
🚹	мужской туалет
🚺	женский туалет
🚻	уборная
🚼	пеленальная
🚽	унитаз
🚾	туалет
🚿	душ
🛀	человек в ванне
🛀🏻	человек в ванне
🛀🏼	человек в ванне
🛀🏽	человек в ванне
🛀🏾	человек в ванне
🛀🏿	человек в ванне
🛁	ванна
🛂	паспортный контроль
🛃	таможня
🛄	получение багажа
🛅	забытый багаж
🛋	диван и торшер
🛌	человек в кровати
🛌🏻	человек в кровати
🛌🏼	человек в кровати
🛌🏽	человек в кровати
🛌🏾	человек в кровати
🛌🏿	человек в кровати
🛍	пакеты
🛎	гостиничный звонок
🛏	кровать
🛐	религия
🛑	знак «стоп»
🛒	тележка для покупок
🛕	индуистский храм
🛖	хижина
🛗	лифт
🛘	оползень
🛙	маяк
🛜	беспроводная сеть
🛝	детская горка
🛞	автомобильное колесо
🛟	спасательный круг
🛠	молот и гаечный ключ
🛡	щит
🛢	бочка
🛣	шоссе
🛤	железная дорога
🛥	моторная лодка
🛩	маленький самолет
🛫	взлет
🛬	посадка
🛰	спутник
🛳	пассажирский лайнер
🛴	самокат
🛵	скутер
🛶	каноэ
🛷	санки
🛸	летающая тарелка
🛹	скейтборд
🛺	авторикша
🛻	пикап
🛼	роликовые коньки
🟠	оранжевый круг
🟡	желтый круг
🟢	зеленый круг
🟣	фиолетовый круг
🟤	коричневый круг
🟥	красный квадрат
🟦	синий квадрат
🟧	оранжевый квадрат
🟨	желтый квадрат
🟩	зеленый квадрат
🟪	фиолетовый квадрат
🟫	коричневый квадрат
🟰	жирный знак равенства
🤌	щепоть
🤌🏻	щепоть
🤌🏼	щепоть
🤌🏽	щепоть
🤌🏾	щепоть
🤌🏿	щепоть
🤍	белое сердце
🤎	коричневое сердце
🤏	жест «мало»
🤏🏻	жест «мало»
🤏🏼	жест «мало»
🤏🏽	жест «мало»
🤏🏾	жест «мало»
🤏🏿	жест «мало»
🤐	рот на замке
🤑	деньги в глазах
🤒	с градусником во рту
🤓	очкарик
🤔	думает
🤕	с перевязанной головой
🤖	робот
🤗	обнимает
🤘	рокерский жест
🤘🏻	рокерский жест
🤘🏼	рокерский жест
🤘🏽	рокерский жест
🤘🏾	рокерский жест
🤘🏿	рокерский жест
🤙	жест «позвони мне»
🤙🏻	жест «позвони мне»
🤙🏼	жест «позвони мне»
🤙🏽	жест «позвони мне»
🤙🏾	жест «позвони мне»
🤙🏿	жест «позвони мне»
🤚	поднятая рука
🤚🏻	поднятая рука
🤚🏼	поднятая рука
🤚🏽	поднятая рука
🤚🏾	поднятая рука
🤚🏿	поднятая рука
🤛	кулак влево
🤛🏻	кулак влево
🤛🏼	кулак влево
🤛🏽	кулак влево
🤛🏾	кулак влево
🤛🏿	кулак влево
🤜	кулак вправо
🤜🏻	кулак вправо
🤜🏼	кулак вправо
🤜🏽	кулак вправо
🤜🏾	кулак вправо
🤜🏿	кулак вправо
🤝	рукопожатие
🤝🏻	рукопожатие
🤝🏼	рукопожатие
🤝🏽	рукопожатие
🤝🏾	рукопожатие
🤝🏿	рукопожатие
🤞	скрещенные пальцы
🤞🏻	скрещенные пальцы
🤞🏼	скрещенные пальцы
🤞🏽	скрещенные пальцы
🤞🏾	скрещенные пальцы
🤞🏿	скрещенные пальцы
🤟	я-тебя-люблю
🤟🏻	я-тебя-люблю
🤟🏼	я-тебя-люблю
🤟🏽	я-тебя-люблю
🤟🏾	я-тебя-люблю
🤟🏿	я-тебя-люблю
🤠	в ковбойской шляпе
🤡	клоун
🤢	тошнит
🤣	катается со смеху
🤤	пускает слюни
🤥	лжец
🤦	человек потерял дар речи
🤦‍♀	женщина потеряла дар речи
🤦‍♂	мужчина потерял дар речи
🤦🏻	человек потерял дар речи
🤦🏻‍♀	женщина потеряла дар речи
🤦🏻‍♂	мужчина потерял дар речи
🤦🏼	человек потерял дар речи
🤦🏼‍♀	женщина потеряла дар речи
🤦🏼‍♂	мужчина потерял дар речи
🤦🏽	человек потерял дар речи
🤦🏽‍♀	женщина потеряла дар речи
🤦🏽‍♂	мужчина потерял дар речи
🤦🏾	человек потерял дар речи
🤦🏾‍♀	женщина потеряла дар речи
🤦🏾‍♂	мужчина потерял дар речи
🤦🏿	человек потерял дар речи
🤦🏿‍♀	женщина потеряла дар речи
🤦🏿‍♂	мужчина потерял дар речи
🤧	чихает
🤨	не верит
🤩	звезды в глазах
🤪	сумасшедшее лицо
🤫	тс-с-с
🤬	цензура
🤭	прикрывает рот рукой
🤮	рвота
🤯	взрыв мозга
🤰	беременная женщина
🤰🏻	беременная женщина
🤰🏼	беременная женщина
🤰🏽	беременная женщина
🤰🏾	беременная женщина
🤰🏿	беременная женщина
🤱	кормление грудью
🤱🏻	кормление грудью
🤱🏼	кормление грудью
🤱🏽	кормление грудью
🤱🏾	кормление грудью
🤱🏿	кормление грудью
🤲	ладони лодочкой
🤲🏻	ладони лодочкой
🤲🏼	ладони лодочкой
🤲🏽	ладони лодочкой
🤲🏾	ладони лодочкой
🤲🏿	ладони лодочкой
🤳	селфи
🤳🏻	селфи
🤳🏼	селфи
🤳🏽	селфи
🤳🏾	селфи
🤳🏿	селфи
🤴	принц
🤴🏻	принц
🤴🏼	принц
🤴🏽	принц
🤴🏾	принц
🤴🏿	принц
🤵	жених
🤵‍♀	женщина в смокинге
🤵‍♂	мужчина в смокинге
🤵🏻	жених
🤵🏻‍♀	женщина в смокинге
🤵🏻‍♂	мужчина в смокинге
🤵🏼	жених
🤵🏼‍♀	женщина в смокинге
🤵🏼‍♂	мужчина в смокинге
🤵🏽	жених
🤵🏽‍♀	женщина в смокинге
🤵🏽‍♂	мужчина в смокинге
🤵🏾	жених
🤵🏾‍♀	женщина в смокинге
🤵🏾‍♂	мужчина в смокинге
🤵🏿	жених
🤵🏿‍♀	женщина в смокинге
🤵🏿‍♂	мужчина в смокинге
🤶	миссис Клаус
🤶🏻	миссис Клаус
🤶🏼	миссис Клаус
🤶🏽	миссис Клаус
🤶🏾	миссис Клаус
🤶🏿	миссис Клаус
🤷	человек пожимает плечами
🤷‍♀	женщина пожимает плечами
🤷‍♂	мужчина пожимает плечами
🤷🏻	человек пожимает плечами
🤷🏻‍♀	женщина пожимает плечами
🤷🏻‍♂	мужчина пожимает плечами
🤷🏼	человек пожимает плечами
🤷🏼‍♀	женщина пожимает плечами
🤷🏼‍♂	мужчина пожимает плечами
🤷🏽	человек пожимает плечами
🤷🏽‍♀	женщина пожимает плечами
🤷🏽‍♂	мужчина пожимает плечами
🤷🏾	человек пожимает плечами
🤷🏾‍♀	женщина пожимает плечами
🤷🏾‍♂	мужчина пожимает плечами
🤷🏿	человек пожимает плечами
🤷🏿‍♀	женщина пожимает плечами
🤷🏿‍♂	мужчина пожимает плечами
🤸	акробатический трюк
🤸‍♀	женщина-акробат
🤸‍♂	акробат
🤸🏻	акробатический трюк
🤸🏻‍♀	женщина-акробат
🤸🏻‍♂	акробат
🤸🏼	акробатический трюк
🤸🏼‍♀	женщина-акробат
🤸🏼‍♂	акробат
🤸🏽	акробатический трюк
🤸🏽‍♀	женщина-акробат
🤸🏽‍♂	акробат
🤸🏾	акробатический трюк
🤸🏾‍♀	женщина-акробат
🤸🏾‍♂	акробат
🤸🏿	акробатический трюк
🤸🏿‍♀	женщина-акробат
🤸🏿‍♂	акробат
🤹	жонглер
🤹‍♀	женщина-жонглер
🤹‍♂	мужчина-жонглер
🤹🏻	жонглер
🤹🏻‍♀	женщина-жонглер
🤹🏻‍♂	мужчина-жонглер
🤹🏼	жонглер
🤹🏼‍♀	женщина-жонглер
🤹🏼‍♂	мужчина-жонглер
🤹🏽	жонглер
🤹🏽‍♀	женщина-жонглер
🤹🏽‍♂	мужчина-жонглер
🤹🏾	жонглер
🤹🏾‍♀	женщина-жонглер
🤹🏾‍♂	мужчина-жонглер
🤹🏿	жонглер
🤹🏿‍♀	женщина-жонглер
🤹🏿‍♂	мужчина-жонглер
🤺	фехтовальщик
🤼	борцы
🤼‍♀	женщины-борцы
🤼‍♂	мужчины-борцы
🤼🏻	борцы
🤼🏻‍♀	женщины-борцы
🤼🏻‍♂	мужчины-борцы
🤼🏼	борцы
🤼🏼‍♀	женщины-борцы
🤼🏼‍♂	мужчины-борцы
🤼🏽	борцы
🤼🏽‍♀	женщины-борцы
🤼🏽‍♂	мужчины-борцы
🤼🏾	борцы
🤼🏾‍♀	женщины-борцы
🤼🏾‍♂	мужчины-борцы
🤼🏿	борцы
🤼🏿‍♀	женщины-борцы
🤼🏿‍♂	мужчины-борцы
🤽	водное поло
🤽‍♀	женщина играет в водное поло
🤽‍♂	мужчина играет в водное поло
🤽🏻	водное поло
🤽🏻‍♀	женщина играет в водное поло
🤽🏻‍♂	мужчина играет в водное поло
🤽🏼	водное поло
🤽🏼‍♀	женщина играет в водное поло
🤽🏼‍♂	мужчина играет в водное поло
🤽🏽	водное поло
🤽🏽‍♀	женщина играет в водное поло
🤽🏽‍♂	мужчина играет в водное поло
🤽🏾	водное поло
🤽🏾‍♀	женщина играет в водное поло
🤽🏾‍♂	мужчина играет в водное поло
🤽🏿	водное поло
🤽🏿‍♀	женщина играет в водное поло
🤽🏿‍♂	мужчина играет в водное поло
🤾	гандбол
🤾‍♀	гандболистка
🤾‍♂	гандболист
🤾🏻	гандбол
🤾🏻‍♀	гандболистка
🤾🏻‍♂	гандболист
🤾🏼	гандбол
🤾🏼‍♀	гандболистка
🤾🏼‍♂	гандболист
🤾🏽	гандбол
🤾🏽‍♀	гандболистка
🤾🏽‍♂	гандболист
🤾🏾	гандбол
🤾🏾‍♀	гандболистка
🤾🏾‍♂	гандболист
🤾🏿	гандбол
🤾🏿‍♀	гандболистка
🤾🏿‍♂	гандболист
🤿	маска с трубкой
🥀	увядший цветок
🥁	барабан
🥂	чокающиеся бокалы
🥃	стакан с виски
🥄	ложка
🥅	спортивные ворота
🥇	золотая медаль
🥈	серебряная медаль
🥉	бронзовая медаль
🥊	боксерская перчатка
🥋	спортивное кимоно
🥌	керлинг
🥍	лакросс
🥎	софтбол
🥏	летающий диск
🥐	круассан
🥑	авокадо
🥒	огурец
🥓	бекон
🥔	картофель
🥕	морковь
🥖	багет
🥗	овощной салат
🥘	рагу в сковороде
🥙	шаурма
🥚	яйцо
🥛	стакан молока
🥜	арахис
🥝	киви
🥞	блины
🥟	вареник
🥠	печенье с предсказанием
🥡	коробка для еды на вынос
🥢	палочки для еды
🥣	миска с ложкой
🥤	стакан с соломинкой
🥥	кокос
🥦	брокколи
🥧	пирог
🥨	крендель
🥩	кусок мяса
🥪	сэндвич
🥫	консервы
🥬	зеленый салат
🥭	манго
🥮	лунный пирог
🥯	бублик
🥰	улыбающееся лицо с сердечками
🥱	зевает
🥲	улыбающееся лицо со слезой
🥳	на вечеринке
🥴	чувствует головокружение
🥵	жар
🥶	мерзнет
🥷	ниндзя
🥷🏻	ниндзя
🥷🏼	ниндзя
🥷🏽	ниндзя
🥷🏾	ниндзя
🥷🏿	ниндзя
🥸	маскировка
🥹	еле сдерживает слезы
🥺	умоляет
🥻	сари
🥼	лабораторный халат
🥽	защитные очки
🥾	треккинговый ботинок
🥿	балетки
🦀	краб
🦁	морда льва
🦂	скорпион
🦃	индейка
🦄	голова единорога
🦅	орел
🦆	утка
🦇	летучая мышь
🦈	акула
🦉	сова
🦊	морда лисицы
🦋	бабочка
🦌	олень
🦍	горилла
🦎	ящерица
🦏	носорог
🦐	креветка
🦑	кальмар
🦒	жираф
🦓	зебра
🦔	еж
🦕	зауропод
🦖	Ти-Рекс
🦗	сверчок
🦘	кенгуру
🦙	лама
🦚	павлин
🦛	гиппопотам
🦜	попугай
🦝	морда енота
🦞	омар
🦟	комар
🦠	микроб
🦡	барсук
🦢	лебедь
🦣	мамонт
🦤	дронт
🦥	ленивец
🦦	выдра
🦧	орангутан
🦨	скунс
🦩	фламинго
🦪	устрица
🦫	бобр
🦬	бизон
🦭	тюлень
🦮	собака-поводырь
🦯	белая трость
🦰	рыжие волосы
🦱	кудрявые волосы
🦲	без волос
🦳	седые волосы
🦴	кость
🦵	нога
🦵🏻	нога
🦵🏼	нога
🦵🏽	нога
🦵🏾	нога
🦵🏿	нога
🦶	щиколотка
🦶🏻	щиколотка
🦶🏼	щиколотка
🦶🏽	щиколотка
🦶🏾	щиколотка
🦶🏿	щиколотка
🦷	зуб
🦸	супергерой
🦸‍♀	женщина-супергерой
🦸‍♂	мужчина-супергерой
🦸🏻	супергерой
🦸🏻‍♀	женщина-супергерой
🦸🏻‍♂	мужчина-супергерой
🦸🏼	супергерой
🦸🏼‍♀	женщина-супергерой
🦸🏼‍♂	мужчина-супергерой
🦸🏽	супергерой
🦸🏽‍♀	женщина-супергерой
🦸🏽‍♂	мужчина-супергерой
🦸🏾	супергерой
🦸🏾‍♀	женщина-супергерой
🦸🏾‍♂	мужчина-супергерой
🦸🏿	супергерой
🦸🏿‍♀	женщина-супергерой
🦸🏿‍♂	мужчина-супергерой
🦹	суперзлодей
🦹‍♀	женщина-суперзлодей
🦹‍♂	мужчина-суперзлодей
🦹🏻	суперзлодей
🦹🏻‍♀	женщина-суперзлодей
🦹🏻‍♂	мужчина-суперзлодей
🦹🏼	суперзлодей
🦹🏼‍♀	женщина-суперзлодей
🦹🏼‍♂	мужчина-суперзлодей
🦹🏽	суперзлодей
🦹🏽‍♀	женщина-суперзлодей
🦹🏽‍♂	мужчина-суперзлодей
🦹🏾	суперзлодей
🦹🏾‍♀	женщина-суперзлодей
🦹🏾‍♂	мужчина-суперзлодей
🦹🏿	суперзлодей
🦹🏿‍♀	женщина-суперзлодей
🦹🏿‍♂	мужчина-суперзлодей
🦺	спасательный жилет
🦻	ухо со слуховым аппаратом
🦻🏻	ухо со слуховым аппаратом
🦻🏼	ухо со слуховым аппаратом
🦻🏽	ухо со слуховым аппаратом
🦻🏾	ухо со слуховым аппаратом
🦻🏿	ухо со слуховым аппаратом
🦼	кресло-коляска с мотором
🦽	кресло-коляска с ручным приводом
🦾	механическая рука
🦿	механическая нога
🧀	сыр
🧁	капкейк
🧂	солонка
🧃	пакетик сока
🧄	чеснок
🧅	лук
🧆	фалафель
🧇	вафля
🧈	масло
🧉	мате
🧊	кубик льда
🧋	чай с шариками
🧌	тролль
🧍	человек стоит
🧍‍♀	женщина стоит
🧍‍♂	мужчина стоит
🧍🏻	человек стоит
🧍🏻‍♀	женщина стоит
🧍🏻‍♂	мужчина стоит
🧍🏼	человек стоит
🧍🏼‍♀	женщина стоит
🧍🏼‍♂	мужчина стоит
🧍🏽	человек стоит
🧍🏽‍♀	женщина стоит
🧍🏽‍♂	мужчина стоит
🧍🏾	человек стоит
🧍🏾‍♀	женщина стоит
🧍🏾‍♂	мужчина стоит
🧍🏿	человек стоит
🧍🏿‍♀	женщина стоит
🧍🏿‍♂	мужчина стоит
🧎	человек на коленях
🧎‍♀	женщина на коленях
🧎‍♀‍➡	женщина на коленях: , направленные вправо
🧎‍♂	мужчина на коленях
🧎‍♂‍➡	мужчина на коленях: , направленные вправо
🧎‍➡	человек на коленях: , направленные вправо
🧎🏻	человек на коленях
🧎🏻‍♀	женщина на коленях
🧎🏻‍♀‍➡	женщина на коленях , направленные вправо
🧎🏻‍♂	мужчина на коленях
🧎🏻‍♂‍➡	мужчина на коленях , направленные вправо
🧎🏻‍➡	человек на коленях , направленные вправо
🧎🏼	человек на коленях
🧎🏼‍♀	женщина на коленях
🧎🏼‍♀‍➡	женщина на коленях , направленные вправо
🧎🏼‍♂	мужчина на коленях
🧎🏼‍♂‍➡	мужчина на коленях , направленные вправо
🧎🏼‍➡	человек на коленях , направленные вправо
🧎🏽	человек на коленях
🧎🏽‍♀	женщина на коленях
🧎🏽‍♀‍➡	женщина на коленях , направленные вправо
🧎🏽‍♂	мужчина на коленях
🧎🏽‍♂‍➡	мужчина на коленях , направленные вправо
🧎🏽‍➡	человек на коленях , направленные вправо
🧎🏾	человек на коленях
🧎🏾‍♀	женщина на коленях
🧎🏾‍♀‍➡	женщина на коленях , направленные вправо
🧎🏾‍♂	мужчина на коленях
🧎🏾‍♂‍➡	мужчина на коленях , направленные вправо
🧎🏾‍➡	человек на коленях , направленные вправо
🧎🏿	человек на коленях
🧎🏿‍♀	женщина на коленях
🧎🏿‍♀‍➡	женщина на коленях , направленные вправо
🧎🏿‍♂	мужчина на коленях
🧎🏿‍♂‍➡	мужчина на коленях , направленные вправо
🧎🏿‍➡	человек на коленях , направленные вправо
🧏	глухой человек
🧏‍♀	глухая женщина
🧏‍♂	глухой мужчина
🧏🏻	глухой человек
🧏🏻‍♀	глухая женщина
🧏🏻‍♂	глухой мужчина
🧏🏼	глухой человек
🧏🏼‍♀	глухая женщина
🧏🏼‍♂	глухой мужчина
🧏🏽	глухой человек
🧏🏽‍♀	глухая женщина
🧏🏽‍♂	глухой мужчина
🧏🏾	глухой человек
🧏🏾‍♀	глухая женщина
🧏🏾‍♂	глухой мужчина
🧏🏿	глухой человек
🧏🏿‍♀	глухая женщина
🧏🏿‍♂	глухой мужчина
🧐	с моноклем
🧑	взрослый
🧑‍⚕	медицинский работник
🧑‍⚖	судья
🧑‍✈	пилот
🧑‍🌾	фермер
🧑‍🍳	повар
🧑‍🍼	кормящий человек
🧑‍🎄	Санта
🧑‍🎓	учащийся
🧑‍🎤	певец
🧑‍🎨	художник
🧑‍🏫	педагог
🧑‍🏭	рабочий
🧑‍💻	инженер
🧑‍💼	офисный работник
🧑‍🔧	механик
🧑‍🔬	ученый
🧑‍🚀	космонавт
🧑‍🚒	пожарный
🧑‍🤝‍🧑	люди, держащиеся за руки
🧑‍🦯	человек с белой тростью
🧑‍🦯‍➡	человек с белой тростью: , направленные вправо
🧑‍🦰	взрослый: рыжие волосы
🧑‍🦱	взрослый: кудрявые волосы
🧑‍🦲	взрослый: без волос
🧑‍🦳	взрослый: седые волосы
🧑‍🦼	человек в кресле-коляске с мотором
🧑‍🦼‍➡	человек в кресле-коляске с мотором: , направленные вправо
🧑‍🦽	человек в кресле-коляске с ручным приводом
🧑‍🦽‍➡	человек в кресле-коляске с ручным приводом: , направленные вправо
🧑‍🧑‍🧒	семья: двое взрослых и ребенок
🧑‍🧑‍🧒‍🧒	семья: двое взрослых и двое детей
🧑‍🧒	семья: взрослый и ребенок
🧑‍🧒‍🧒	семья: взрослый и двое детей
🧑‍🩰	артист балета
🧑🏻	взрослый
🧑🏻‍⚕	медицинский работник
🧑🏻‍⚖	судья
🧑🏻‍✈	пилот
🧑🏻‍❤‍💋‍🧑🏼	поцелуй: взрослый взрослый
🧑🏻‍❤‍💋‍🧑🏽	поцелуй: взрослый взрослый
🧑🏻‍❤‍💋‍🧑🏾	поцелуй: взрослый взрослый
🧑🏻‍❤‍💋‍🧑🏿	поцелуй: взрослый взрослый
🧑🏻‍❤‍🧑🏼	влюбленная пара: взрослый взрослый
🧑🏻‍❤‍🧑🏽	влюбленная пара: взрослый взрослый
🧑🏻‍❤‍🧑🏾	влюбленная пара: взрослый взрослый
🧑🏻‍❤‍🧑🏿	влюбленная пара: взрослый взрослый
🧑🏻‍🌾	фермер
🧑🏻‍🍳	повар
🧑🏻‍🍼	кормящий человек
🧑🏻‍🎄	Санта
🧑🏻‍🎓	учащийся
🧑🏻‍🎤	певец
🧑🏻‍🎨	художник
🧑🏻‍🏫	педагог
🧑🏻‍🏭	рабочий
🧑🏻‍🐰‍🧑🏼	люди с ушами кролика
🧑🏻‍🐰‍🧑🏽	люди с ушами кролика
🧑🏻‍🐰‍🧑🏾	люди с ушами кролика
🧑🏻‍🐰‍🧑🏿	люди с ушами кролика
🧑🏻‍💻	инженер
🧑🏻‍💼	офисный работник
🧑🏻‍🔧	механик
🧑🏻‍🔬	ученый
🧑🏻‍🚀	космонавт
🧑🏻‍🚒	пожарный
🧑🏻‍🤝‍🧑🏻	люди, держащиеся за руки
🧑🏻‍🤝‍🧑🏼	люди, держащиеся за руки
🧑🏻‍🤝‍🧑🏽	люди, держащиеся за руки
🧑🏻‍🤝‍🧑🏾	люди, держащиеся за руки
🧑🏻‍🤝‍🧑🏿	люди, держащиеся за руки
🧑🏻‍🦯	человек с белой тростью
🧑🏻‍🦯‍➡	человек с белой тростью , направленные вправо
🧑🏻‍🦰	взрослый рыжие волосы
🧑🏻‍🦱	взрослый кудрявые волосы
🧑🏻‍🦲	взрослый без волос
🧑🏻‍🦳	взрослый седые волосы
🧑🏻‍🦼	человек в кресле-коляске с мотором
🧑🏻‍🦼‍➡	человек в кресле-коляске с мотором , направленные вправо
🧑🏻‍🦽	человек в кресле-коляске с ручным приводом
🧑🏻‍🦽‍➡	человек в кресле-коляске с ручным приводом , направленные вправо
🧑🏻‍🩰	артист балета
🧑🏻‍🫯‍🧑🏼	борцы
🧑🏻‍🫯‍🧑🏽	борцы
🧑🏻‍🫯‍🧑🏾	борцы
🧑🏻‍🫯‍🧑🏿	борцы
🧑🏼	взрослый
🧑🏼‍⚕	медицинский работник
🧑🏼‍⚖	судья
🧑🏼‍✈	пилот
🧑🏼‍❤‍💋‍🧑🏻	поцелуй: взрослый взрослый
🧑🏼‍❤‍💋‍🧑🏽	поцелуй: взрослый взрослый
🧑🏼‍❤‍💋‍🧑🏾	поцелуй: взрослый взрослый
🧑🏼‍❤‍💋‍🧑🏿	поцелуй: взрослый взрослый
🧑🏼‍❤‍🧑🏻	влюбленная пара: взрослый взрослый
🧑🏼‍❤‍🧑🏽	влюбленная пара: взрослый взрослый
🧑🏼‍❤‍🧑🏾	влюбленная пара: взрослый взрослый
🧑🏼‍❤‍🧑🏿	влюбленная пара: взрослый взрослый
🧑🏼‍🌾	фермер
🧑🏼‍🍳	повар
🧑🏼‍🍼	кормящий человек
🧑🏼‍🎄	Санта
🧑🏼‍🎓	учащийся
🧑🏼‍🎤	певец
🧑🏼‍🎨	художник
🧑🏼‍🏫	педагог
🧑🏼‍🏭	рабочий
🧑🏼‍🐰‍🧑🏻	люди с ушами кролика
🧑🏼‍🐰‍🧑🏽	люди с ушами кролика
🧑🏼‍🐰‍🧑🏾	люди с ушами кролика
🧑🏼‍🐰‍🧑🏿	люди с ушами кролика
🧑🏼‍💻	инженер
🧑🏼‍💼	офисный работник
🧑🏼‍🔧	механик
🧑🏼‍🔬	ученый
🧑🏼‍🚀	космонавт
🧑🏼‍🚒	пожарный
🧑🏼‍🤝‍🧑🏻	люди, держащиеся за руки
🧑🏼‍🤝‍🧑🏼	люди, держащиеся за руки
🧑🏼‍🤝‍🧑🏽	люди, держащиеся за руки
🧑🏼‍🤝‍🧑🏾	люди, держащиеся за руки
🧑🏼‍🤝‍🧑🏿	люди, держащиеся за руки
🧑🏼‍🦯	человек с белой тростью
🧑🏼‍🦯‍➡	человек с белой тростью , направленные вправо
🧑🏼‍🦰	взрослый рыжие волосы
🧑🏼‍🦱	взрослый кудрявые волосы
🧑🏼‍🦲	взрослый без волос
🧑🏼‍🦳	взрослый седые волосы
🧑🏼‍🦼	человек в кресле-коляске с мотором
🧑🏼‍🦼‍➡	человек в кресле-коляске с мотором , направленные вправо
🧑🏼‍🦽	человек в кресле-коляске с ручным приводом
🧑🏼‍🦽‍➡	человек в кресле-коляске с ручным приводом , направленные вправо
🧑🏼‍🩰	артист балета
🧑🏼‍🫯‍🧑🏻	борцы
🧑🏼‍🫯‍🧑🏽	борцы
🧑🏼‍🫯‍🧑🏾	борцы
🧑🏼‍🫯‍🧑🏿	борцы
🧑🏽	взрослый
🧑🏽‍⚕	медицинский работник
🧑🏽‍⚖	судья
🧑🏽‍✈	пилот
🧑🏽‍❤‍💋‍🧑🏻	поцелуй: взрослый взрослый
🧑🏽‍❤‍💋‍🧑🏼	поцелуй: взрослый взрослый
🧑🏽‍❤‍💋‍🧑🏾	поцелуй: взрослый взрослый
🧑🏽‍❤‍💋‍🧑🏿	поцелуй: взрослый взрослый
🧑🏽‍❤‍🧑🏻	влюбленная пара: взрослый взрослый
🧑🏽‍❤‍🧑🏼	влюбленная пара: взрослый взрослый
🧑🏽‍❤‍🧑🏾	влюбленная пара: взрослый взрослый
🧑🏽‍❤‍🧑🏿	влюбленная пара: взрослый взрослый
🧑🏽‍🌾	фермер
🧑🏽‍🍳	повар
🧑🏽‍🍼	кормящий человек
🧑🏽‍🎄	Санта
🧑🏽‍🎓	учащийся
🧑🏽‍🎤	певец
🧑🏽‍🎨	художник
🧑🏽‍🏫	педагог
🧑🏽‍🏭	рабочий
🧑🏽‍🐰‍🧑🏻	люди с ушами кролика
🧑🏽‍🐰‍🧑🏼	люди с ушами кролика
🧑🏽‍🐰‍🧑🏾	люди с ушами кролика
🧑🏽‍🐰‍🧑🏿	люди с ушами кролика
🧑🏽‍💻	инженер
🧑🏽‍💼	офисный работник
🧑🏽‍🔧	механик
🧑🏽‍🔬	ученый
🧑🏽‍🚀	космонавт
🧑🏽‍🚒	пожарный
🧑🏽‍🤝‍🧑🏻	люди, держащиеся за руки
🧑🏽‍🤝‍🧑🏼	люди, держащиеся за руки
🧑🏽‍🤝‍🧑🏽	люди, держащиеся за руки
🧑🏽‍🤝‍🧑🏾	люди, держащиеся за руки
🧑🏽‍🤝‍🧑🏿	люди, держащиеся за руки
🧑🏽‍🦯	человек с белой тростью
🧑🏽‍🦯‍➡	человек с белой тростью , направленные вправо
🧑🏽‍🦰	взрослый рыжие волосы
🧑🏽‍🦱	взрослый кудрявые волосы
🧑🏽‍🦲	взрослый без волос
🧑🏽‍🦳	взрослый седые волосы
🧑🏽‍🦼	человек в кресле-коляске с мотором
🧑🏽‍🦼‍➡	человек в кресле-коляске с мотором , направленные вправо
🧑🏽‍🦽	человек в кресле-коляске с ручным приводом
🧑🏽‍🦽‍➡	человек в кресле-коляске с ручным приводом , направленные вправо
🧑🏽‍🩰	артист балета
🧑🏽‍🫯‍🧑🏻	борцы
🧑🏽‍🫯‍🧑🏼	борцы
🧑🏽‍🫯‍🧑🏾	борцы
🧑🏽‍🫯‍🧑🏿	борцы
🧑🏾	взрослый
🧑🏾‍⚕	медицинский работник
🧑🏾‍⚖	судья
🧑🏾‍✈	пилот
🧑🏾‍❤‍💋‍🧑🏻	поцелуй: взрослый взрослый
🧑🏾‍❤‍💋‍🧑🏼	поцелуй: взрослый взрослый
🧑🏾‍❤‍💋‍🧑🏽	поцелуй: взрослый взрослый
🧑🏾‍❤‍💋‍🧑🏿	поцелуй: взрослый взрослый
🧑🏾‍❤‍🧑🏻	влюбленная пара: взрослый взрослый
🧑🏾‍❤‍🧑🏼	влюбленная пара: взрослый взрослый
🧑🏾‍❤‍🧑🏽	влюбленная пара: взрослый взрослый
🧑🏾‍❤‍🧑🏿	влюбленная пара: взрослый взрослый
🧑🏾‍🌾	фермер
🧑🏾‍🍳	повар
🧑🏾‍🍼	кормящий человек
🧑🏾‍🎄	Санта
🧑🏾‍🎓	учащийся
🧑🏾‍🎤	певец
🧑🏾‍🎨	художник
🧑🏾‍🏫	педагог
🧑🏾‍🏭	рабочий
🧑🏾‍🐰‍🧑🏻	люди с ушами кролика
🧑🏾‍🐰‍🧑🏼	люди с ушами кролика
🧑🏾‍🐰‍🧑🏽	люди с ушами кролика
🧑🏾‍🐰‍🧑🏿	люди с ушами кролика
🧑🏾‍💻	инженер
🧑🏾‍💼	офисный работник
🧑🏾‍🔧	механик
🧑🏾‍🔬	ученый
🧑🏾‍🚀	космонавт
🧑🏾‍🚒	пожарный
🧑🏾‍🤝‍🧑🏻	люди, держащиеся за руки
🧑🏾‍🤝‍🧑🏼	люди, держащиеся за руки
🧑🏾‍🤝‍🧑🏽	люди, держащиеся за руки
🧑🏾‍🤝‍🧑🏾	люди, держащиеся за руки
🧑🏾‍🤝‍🧑🏿	люди, держащиеся за руки
🧑🏾‍🦯	человек с белой тростью
🧑🏾‍🦯‍➡	человек с белой тростью , направленные вправо
🧑🏾‍🦰	взрослый рыжие волосы
🧑🏾‍🦱	взрослый кудрявые волосы
🧑🏾‍🦲	взрослый без волос
🧑🏾‍🦳	взрослый седые волосы
🧑🏾‍🦼	человек в кресле-коляске с мотором
🧑🏾‍🦼‍➡	человек в кресле-коляске с мотором , направленные вправо
🧑🏾‍🦽	человек в кресле-коляске с ручным приводом
🧑🏾‍🦽‍➡	человек в кресле-коляске с ручным приводом , направленные вправо
🧑🏾‍🩰	артист балета
🧑🏾‍🫯‍🧑🏻	борцы
🧑🏾‍🫯‍🧑🏼	борцы
🧑🏾‍🫯‍🧑🏽	борцы
🧑🏾‍🫯‍🧑🏿	борцы
🧑🏿	взрослый
🧑🏿‍⚕	медицинский работник
🧑🏿‍⚖	судья
🧑🏿‍✈	пилот
🧑🏿‍❤‍💋‍🧑🏻	поцелуй: взрослый взрослый
🧑🏿‍❤‍💋‍🧑🏼	поцелуй: взрослый взрослый
🧑🏿‍❤‍💋‍🧑🏽	поцелуй: взрослый взрослый
🧑🏿‍❤‍💋‍🧑🏾	поцелуй: взрослый взрослый
🧑🏿‍❤‍🧑🏻	влюбленная пара: взрослый взрослый
🧑🏿‍❤‍🧑🏼	влюбленная пара: взрослый взрослый
🧑🏿‍❤‍🧑🏽	влюбленная пара: взрослый взрослый
🧑🏿‍❤‍🧑🏾	влюбленная пара: взрослый взрослый
🧑🏿‍🌾	фермер
🧑🏿‍🍳	повар
🧑🏿‍🍼	кормящий человек
🧑🏿‍🎄	Санта
🧑🏿‍🎓	учащийся
🧑🏿‍🎤	певец
🧑🏿‍🎨	художник
🧑🏿‍🏫	педагог
🧑🏿‍🏭	рабочий
🧑🏿‍🐰‍🧑🏻	люди с ушами кролика
🧑🏿‍🐰‍🧑🏼	люди с ушами кролика
🧑🏿‍🐰‍🧑🏽	люди с ушами кролика
🧑🏿‍🐰‍🧑🏾	люди с ушами кролика
🧑🏿‍💻	инженер
🧑🏿‍💼	офисный работник
🧑🏿‍🔧	механик
🧑🏿‍🔬	ученый
🧑🏿‍🚀	космонавт
🧑🏿‍🚒	пожарный
🧑🏿‍🤝‍🧑🏻	люди, держащиеся за руки
🧑🏿‍🤝‍🧑🏼	люди, держащиеся за руки
🧑🏿‍🤝‍🧑🏽	люди, держащиеся за руки
🧑🏿‍🤝‍🧑🏾	люди, держащиеся за руки
🧑🏿‍🤝‍🧑🏿	люди, держащиеся за руки
🧑🏿‍🦯	человек с белой тростью
🧑🏿‍🦯‍➡	человек с белой тростью , направленные вправо
🧑🏿‍🦰	взрослый рыжие волосы
🧑🏿‍🦱	взрослый кудрявые волосы
🧑🏿‍🦲	взрослый без волос
🧑🏿‍🦳	взрослый седые волосы
🧑🏿‍🦼	человек в кресле-коляске с мотором
🧑🏿‍🦼‍➡	человек в кресле-коляске с мотором , направленные вправо
🧑🏿‍🦽	человек в кресле-коляске с ручным приводом
🧑🏿‍🦽‍➡	человек в кресле-коляске с ручным приводом , направленные вправо
🧑🏿‍🩰	артист балета
🧑🏿‍🫯‍🧑🏻	борцы
🧑🏿‍🫯‍🧑🏼	борцы
🧑🏿‍🫯‍🧑🏽	борцы
🧑🏿‍🫯‍🧑🏾	борцы
🧒	ребенок
🧒🏻	ребенок
🧒🏼	ребенок
🧒🏽	ребенок
🧒🏾	ребенок
🧒🏿	ребенок
🧓	пожилой человек
🧓🏻	пожилой человек
🧓🏼	пожилой человек
🧓🏽	пожилой человек
🧓🏾	пожилой человек
🧓🏿	пожилой человек
🧔	бородатый человек
🧔‍♀	бородатая женщина
🧔‍♂	бородатый мужчина
🧔🏻	бородатый человек
🧔🏻‍♀	бородатая женщина
🧔🏻‍♂	бородатый мужчина
🧔🏼	бородатый человек
🧔🏼‍♀	бородатая женщина
🧔🏼‍♂	бородатый мужчина
🧔🏽	бородатый человек
🧔🏽‍♀	бородатая женщина
🧔🏽‍♂	бородатый мужчина
🧔🏾	бородатый человек
🧔🏾‍♀	бородатая женщина
🧔🏾‍♂	бородатый мужчина
🧔🏿	бородатый человек
🧔🏿‍♀	бородатая женщина
🧔🏿‍♂	бородатый мужчина
🧕	женщина в платке
🧕🏻	женщина в платке
🧕🏼	женщина в платке
🧕🏽	женщина в платке
🧕🏾	женщина в платке
🧕🏿	женщина в платке
🧖	человек в бане
🧖‍♀	женщина в бане
🧖‍♂	мужчина в бане
🧖🏻	человек в бане
🧖🏻‍♀	женщина в бане
🧖🏻‍♂	мужчина в бане
🧖🏼	человек в бане
🧖🏼‍♀	женщина в бане
🧖🏼‍♂	мужчина в бане
🧖🏽	человек в бане
🧖🏽‍♀	женщина в бане
🧖🏽‍♂	мужчина в бане
🧖🏾	человек в бане
🧖🏾‍♀	женщина в бане
🧖🏾‍♂	мужчина в бане
🧖🏿	человек в бане
🧖🏿‍♀	женщина в бане
🧖🏿‍♂	мужчина в бане
🧗	человек взбирается по скале
🧗‍♀	женщина взбирается по скале
🧗‍♂	мужчина взбирается по скале
🧗🏻	человек взбирается по скале
🧗🏻‍♀	женщина взбирается по скале
🧗🏻‍♂	мужчина взбирается по скале
🧗🏼	человек взбирается по скале
🧗🏼‍♀	женщина взбирается по скале
🧗🏼‍♂	мужчина взбирается по скале
🧗🏽	человек взбирается по скале
🧗🏽‍♀	женщина взбирается по скале
🧗🏽‍♂	мужчина взбирается по скале
🧗🏾	человек взбирается по скале
🧗🏾‍♀	женщина взбирается по скале
🧗🏾‍♂	мужчина взбирается по скале
🧗🏿	человек взбирается по скале
🧗🏿‍♀	женщина взбирается по скале
🧗🏿‍♂	мужчина взбирается по скале
🧘	человек в позе лотоса
🧘‍♀	женщина в позе лотоса
🧘‍♂	мужчина в позе лотоса
🧘🏻	человек в позе лотоса
🧘🏻‍♀	женщина в позе лотоса
🧘🏻‍♂	мужчина в позе лотоса
🧘🏼	человек в позе лотоса
🧘🏼‍♀	женщина в позе лотоса
🧘🏼‍♂	мужчина в позе лотоса
🧘🏽	человек в позе лотоса
🧘🏽‍♀	женщина в позе лотоса
🧘🏽‍♂	мужчина в позе лотоса
🧘🏾	человек в позе лотоса
🧘🏾‍♀	женщина в позе лотоса
🧘🏾‍♂	мужчина в позе лотоса
🧘🏿	человек в позе лотоса
🧘🏿‍♀	женщина в позе лотоса
🧘🏿‍♂	мужчина в позе лотоса
🧙	маг
🧙‍♀	волшебница
🧙‍♂	волшебник
🧙🏻	маг
🧙🏻‍♀	волшебница
🧙🏻‍♂	волшебник
🧙🏼	маг
🧙🏼‍♀	волшебница
🧙🏼‍♂	волшебник
🧙🏽	маг
🧙🏽‍♀	волшебница
🧙🏽‍♂	волшебник
🧙🏾	маг
🧙🏾‍♀	волшебница
🧙🏾‍♂	волшебник
🧙🏿	маг
🧙🏿‍♀	волшебница
🧙🏿‍♂	волшебник
🧚	фея
🧚‍♀	женщина-фея
🧚‍♂	мужчина-фея
🧚🏻	фея
🧚🏻‍♀	женщина-фея
🧚🏻‍♂	мужчина-фея
🧚🏼	фея
🧚🏼‍♀	женщина-фея
🧚🏼‍♂	мужчина-фея
🧚🏽	фея
🧚🏽‍♀	женщина-фея
🧚🏽‍♂	мужчина-фея
🧚🏾	фея
🧚🏾‍♀	женщина-фея
🧚🏾‍♂	мужчина-фея
🧚🏿	фея
🧚🏿‍♀	женщина-фея
🧚🏿‍♂	мужчина-фея
🧛	вампир
🧛‍♀	женщина-вампир
🧛‍♂	мужчина-вампир
🧛🏻	вампир
🧛🏻‍♀	женщина-вампир
🧛🏻‍♂	мужчина-вампир
🧛🏼	вампир
🧛🏼‍♀	женщина-вампир
🧛🏼‍♂	мужчина-вампир
🧛🏽	вампир
🧛🏽‍♀	женщина-вампир
🧛🏽‍♂	мужчина-вампир
🧛🏾	вампир
🧛🏾‍♀	женщина-вампир
🧛🏾‍♂	мужчина-вампир
🧛🏿	вампир
🧛🏿‍♀	женщина-вампир
🧛🏿‍♂	мужчина-вампир
🧜	русалка
🧜‍♀	женщина-русалка
🧜‍♂	тритон
🧜🏻	русалка
🧜🏻‍♀	женщина-русалка
🧜🏻‍♂	тритон
🧜🏼	русалка
🧜🏼‍♀	женщина-русалка
🧜🏼‍♂	тритон
🧜🏽	русалка
🧜🏽‍♀	женщина-русалка
🧜🏽‍♂	тритон
🧜🏾	русалка
🧜🏾‍♀	женщина-русалка
🧜🏾‍♂	тритон
🧜🏿	русалка
🧜🏿‍♀	женщина-русалка
🧜🏿‍♂	тритон
🧝	эльф
🧝‍♀	женщина-эльф
🧝‍♂	мужчина-эльф
🧝🏻	эльф
🧝🏻‍♀	женщина-эльф
🧝🏻‍♂	мужчина-эльф
🧝🏼	эльф
🧝🏼‍♀	женщина-эльф
🧝🏼‍♂	мужчина-эльф
🧝🏽	эльф
🧝🏽‍♀	женщина-эльф
🧝🏽‍♂	мужчина-эльф
🧝🏾	эльф
🧝🏾‍♀	женщина-эльф
🧝🏾‍♂	мужчина-эльф
🧝🏿	эльф
🧝🏿‍♀	женщина-эльф
🧝🏿‍♂	мужчина-эльф
🧞	джинн
🧞‍♀	женщина-джинн
🧞‍♂	мужчина-джинн
🧟	зомби
🧟‍♀	женщина-зомби
🧟‍♂	мужчина-зомби
🧠	мозг
🧡	оранжевое сердце
🧢	бейсболка
🧣	шарф
🧤	перчатки
🧥	пальто
🧦	носки
🧧	красный конверт
🧨	динамитная шашка
🧩	пазл
🧪	пробирка
🧫	чашка Петри
🧬	ДНК
🧭	компас
🧮	счеты
🧯	огнетушитель
🧰	ящик для инструментов
🧱	кирпичи
🧲	магнит
🧳	багаж
🧴	бутылка лосьона
🧵	катушка ниток
🧶	клубок
🧷	английская булавка
🧸	плюшевый мишка
🧹	метла
🧺	корзина
🧻	рулон бумаги
🧼	мыло
🧽	губка
🧾	чек
🧿	назар бонджук
🩰	пуанты
🩱	цельный купальник
🩲	плавки
🩳	шорты
🩴	вьетнамки
🩵	голубое сердце
🩶	серое сердце
🩷	розовое сердце
🩸	капля крови
🩹	пластырь
🩺	стетоскоп
🩻	рентген
🩼	костыль
🪀	йо-йо
🪁	воздушный змей
🪂	парашют
🪃	бумеранг
🪄	волшебная палочка
🪅	пиньята
🪆	матрешка
🪇	маракасы
🪈	флейта
🪉	арфа
🪊	тромбон
🪋	метеорит
🪌	ластик
🪍	сачок
🪎	сундук с сокровищами
🪏	лопата
🪐	планета с кольцом
🪑	стул
🪒	бритва
🪓	топор
🪔	масляная лампа
🪕	банджо
🪖	армейская каска
🪗	аккордеон
🪘	конга
🪙	монета
🪚	пила по дереву
🪛	отвертка
🪜	лестница
🪝	крюк
🪞	зеркало
🪟	окно
🪠	вантуз
🪡	швейная игла
🪢	узел
🪣	ведро
🪤	мышеловка
🪥	зубная щетка
🪦	надгробие
🪧	плакат
🪨	камень
🪩	диско-шар
🪪	удостоверение личности
🪫	низкий уровень заряда
🪬	хамса
🪭	веер
🪮	афро-гребень
🪯	кханда
🪰	муха
🪱	червяк
🪲	жук
🪳	таракан
🪴	растение в горшке
🪵	древесина
🪶	перо
🪷	лотос
🪸	коралл
🪹	пустое гнездо
🪺	гнездо с яйцами
🪻	гиацинт
🪼	медуза
🪽	крыло
🪾	дерево без листвы
🪿	гусь
🫀	сердце человека
🫁	легкие
🫂	обнимающиеся люди
🫃	беременный мужчина
🫃🏻	беременный мужчина
🫃🏼	беременный мужчина
🫃🏽	беременный мужчина
🫃🏾	беременный мужчина
🫃🏿	беременный мужчина
🫄	беременный человек
🫄🏻	беременный человек
🫄🏼	беременный человек
🫄🏽	беременный человек
🫄🏾	беременный человек
🫄🏿	беременный человек
🫅	человек с короной
🫅🏻	человек с короной
🫅🏼	человек с короной
🫅🏽	человек с короной
🫅🏾	человек с короной
🫅🏿	человек с короной
🫆	отпечаток пальца
🫈	снежный человек
🫌	бабочка-монарх
🫍	косатка
🫎	лось
🫏	осел
🫐	голубика
🫑	болгарский перец
🫒	оливка
🫓	лепешка
🫔	тамале
🫕	фондю
🫖	чайник
🫗	стакан с жидкостью
🫘	фасоль
🫙	банка
🫚	корень имбиря
🫛	стручок гороха
🫜	корнеплод
🫝	маринованный огурец
🫟	клякса
🫠	тает
🫡	воинское приветствие
🫢	прикрывает рот рукой с открытыми глазами
🫣	подсматривает
🫤	с перекошенным ртом
🫥	лицо пунктиром
🫦	кусать губы
🫧	пузыри
🫨	трясущееся лицо
🫩	лицо с мешками под глазами
🫪	лицо перекосило
🫫	трескается
🫯	драка
🫰	жест «деньги»
🫰🏻	жест «деньги»
🫰🏼	жест «деньги»
🫰🏽	жест «деньги»
🫰🏾	жест «деньги»
🫰🏿	жест «деньги»
🫱	рука вправо
🫱🏻	рука вправо
🫱🏻‍🫲🏼	рукопожатие
🫱🏻‍🫲🏽	рукопожатие
🫱🏻‍🫲🏾	рукопожатие
🫱🏻‍🫲🏿	рукопожатие
🫱🏼	рука вправо
🫱🏼‍🫲🏻	рукопожатие
🫱🏼‍🫲🏽	рукопожатие
🫱🏼‍🫲🏾	рукопожатие
🫱🏼‍🫲🏿	рукопожатие
🫱🏽	рука вправо
🫱🏽‍🫲🏻	рукопожатие
🫱🏽‍🫲🏼	рукопожатие
🫱🏽‍🫲🏾	рукопожатие
🫱🏽‍🫲🏿	рукопожатие
🫱🏾	рука вправо
🫱🏾‍🫲🏻	рукопожатие
🫱🏾‍🫲🏼	рукопожатие
🫱🏾‍🫲🏽	рукопожатие
🫱🏾‍🫲🏿	рукопожатие
🫱🏿	рука вправо
🫱🏿‍🫲🏻	рукопожатие
🫱🏿‍🫲🏼	рукопожатие
🫱🏿‍🫲🏽	рукопожатие
🫱🏿‍🫲🏾	рукопожатие
🫲	рука влево
🫲🏻	рука влево
🫲🏼	рука влево
🫲🏽	рука влево
🫲🏾	рука влево
🫲🏿	рука влево
🫳	рука ладонью вниз
🫳🏻	рука ладонью вниз
🫳🏼	рука ладонью вниз
🫳🏽	рука ладонью вниз
🫳🏾	рука ладонью вниз
🫳🏿	рука ладонью вниз
🫴	рука ладонью вверх
🫴🏻	рука ладонью вверх
🫴🏼	рука ладонью вверх
🫴🏽	рука ладонью вверх
🫴🏾	рука ладонью вверх
🫴🏿	рука ладонью вверх
🫵	указательный палец на себя
🫵🏻	указательный палец на себя
🫵🏼	указательный палец на себя
🫵🏽	указательный палец на себя
🫵🏾	указательный палец на себя
🫵🏿	указательный палец на себя
🫶	жест «сердце»
🫶🏻	жест «сердце»
🫶🏼	жест «сердце»
🫶🏽	жест «сердце»
🫶🏾	жест «сердце»
🫶🏿	жест «сердце»
🫷	рука ладонью влево
🫷🏻	рука ладонью влево
🫷🏼	рука ладонью влево
🫷🏽	рука ладонью влево
🫷🏾	рука ладонью влево
🫷🏿	рука ладонью влево
🫸	рука ладонью вправо
🫸🏻	рука ладонью вправо
🫸🏼	рука ладонью вправо
🫸🏽	рука ладонью вправо
🫸🏾	рука ладонью вправо
🫸🏿	рука ладонью вправо
🫹	большой палец влево
🫹🏻	большой палец влево
🫹🏼	большой палец влево
🫹🏽	большой палец влево
🫹🏾	большой палец влево
🫹🏿	большой палец влево
🫺	большой палец вправо
🫺🏻	большой палец вправо
🫺🏼	большой палец вправо
🫺🏽	большой палец вправо
🫺🏾	большой палец вправо
🫺🏿	большой палец вправо
